Date,Time,Dock 1,Dock 2,Dock 3,Dock 4,Dock 5,Dock 6,Dock 7,Dock 8,Dock 9,Dock 10,Dock 11,Dock 12,Dock 13,Dock 14,Dock 15,Dock 16
1/08/2019,16:30:05,100,100,100,100,100,100,100,100,100,100,100,100,100,100,100,100
1/08/2019,16:31:05,100,100,100,100,100,100,100,100,100,100,100,100,100,100,100,100
1/08/2019,16:32:05,100,100,100,100,100,100,100,100,100,100,100,100,100,100,100,100
1/08/2019,16:33:05,100,100,100,100,100,100,100,100,100,100,100,100,100,100,100,100
1/08/2019,16:34:05,100,100,100,100,100,100,100,100,100,100,100,100,100,100,100,100
1/08/2019,16:35:05,100,100,100,100,100,100,100,100,100,100,100,100,100,100,100,100
1/08/2019,16:36:05,100,100,100,100,100,100,100,100,100,100,100,100,100,100,100,100
1/08/2019,16:37:05,100,100,100,100,100,100,100,100,100,100,100,100,100,100,100,100
1/08/2019,16:38:05,100,100,100,100,100,100,100,100,100,100,100,100,100,100,100,100
1/08/2019,16:39:05,100,100,100,100,100,100,100,100,100,100,100,100,100,100,100,100
1/08/2019,16:40:05,100,100,100,100,100,100,100,100,100,100,100,100,100,100,100,100
1/08/2019,16:41:05,100,100,100,100,100,100,100,100,100,100,100,100,100,100,100,100
1/08/2019,16:42:05,100,100,100,100,100,100,100,100,100,100,100,100,100,100,100,100
1/08/2019,16:43:05,100,100,100,100,100,100,100,100,100,100,100,100,100,100,100,100
1/08/2019,16:44:05,100,100,100,100,100,100,100,100,100,100,100,100,100,100,100,100
1/08/2019,16:45:05,100,100,100,100,100,100,100,100,100,100,100,100,100,100,100,100
1/08/2019,16:46:05,100,100,100,100,100,100,100,100,100,100,100,100,100,100,100,100
1/08/2019,16:47:05,100,100,100,100,100,100,100,100,100,100,100,100,100,100,100,100
1/08/2019,16:48:05,100,100,100,100,100,100,100,100,100,100,100,100,100,100,100,100
1/08/2019,16:49:05,100,100,100,100,100,100,100,100,100,100,100,100,100,100,100,100
1/08/2019,16:50:05,100,100,100,100,100,100,100,100,100,100,100,100,100,100,100,100
1/08/2019,16:51:05,100,100,100,100,100,100,100,100,100,100,100,100,100,100,100,100
1/08/2019,16:52:05,100,100,100,100,100,100,100,100,100,100,100,100,100,100,100,100
1/08/2019,16:53:05,100,100,100,100,100,100,100,100,100,100,100,100,100,100,100,100
1/08/2019,16:54:05,100,100,100,100,100,100,100,100,100,100,100,100,100,100,100,100
1/08/2019,16:55:05,100,100,100,100,100,100,100,100,100,100,100,100,100,100,100,100
1/08/2019,16:56:05,100,100,100,100,100,100,100,100,100,100,100,100,100,100,100,100
1/08/2019,16:57:05,100,100,100,100,100,100,100,100,100,100,100,100,100,100,100,100
1/08/2019,16:58:05,100,100,100,100,100,100,100,100,100,100,100,100,100,100,100,100
1/08/2019,16:59:05,100,100,100,100,100,100,100,100,100,100,100,100,100,100,100,100
1/08/2019,17:00:05,100,100,100,100,100,100,100,100,100,100,100,100,100,100,100,100
1/08/2019,17:01:05,100,100,100,100,100,100,100,100,100,100,100,100,100,100,100,100
1/08/2019,17:02:05,100,100,100,100,100,100,100,100,100,100,100,100,100,100,100,100
1/08/2019,17:03:05,100,100,100,100,100,100,100,100,100,100,100,100,100,100,100,100
1/08/2019,17:04:05,100,100,100,100,100,100,100,100,100,100,100,100,100,100,100,100
1/08/2019,17:05:05,100,100,100,100,100,100,100,100,100,100,100,100,100,100,100,100
1/08/2019,17:06:05,100,100,100,100,100,100,100,100,100,100,100,100,100,100,100,100
1/08/2019,17:07:05,100,100,100,100,100,100,100,100,100,100,100,100,100,100,100,100
1/08/2019,17:08:05,100,100,100,100,100,100,100,100,100,100,100,100,100,100,100,100
1/08/2019,17:09:05,100,100,100,100,100,100,100,100,100,100,100,100,100,100,100,100
1/08/2019,17:10:05,100,100,100,100,100,100,100,100,100,100,100,100,100,100,100,100
1/08/2019,17:11:05,100,100,100,100,100,100,100,100,100,100,100,100,100,100,100,100
1/08/2019,17:12:05,100,100,100,100,100,100,100,100,100,100,100,100,100,100,100,100
1/08/2019,17:13:05,100,100,100,100,100,100,100,100,100,100,100,100,100,100,100,100
1/08/2019,17:14:05,100,100,100,100,100,100,100,100,100,100,100,100,100,100,100,100
1/08/2019,17:15:05,100,100,100,100,100,100,100,100,100,100,100,100,100,100,100,100
1/08/2019,17:16:05,100,100,100,100,100,100,100,100,100,100,100,100,100,100,100,100
1/08/2019,17:17:05,100,100,100,100,100,100,100,100,100,100,100,100,100,100,100,100
1/08/2019,17:18:05,100,100,100,100,100,100,100,100,100,100,100,100,100,100,100,100
1/08/2019,17:19:05,100,100,100,100,100,100,100,100,100,100,100,100,100,100,100,100
1/08/2019,17:20:05,100,100,100,100,100,100,100,100,100,100,100,100,100,100,100,100
1/08/2019,17:21:05,100,100,100,100,100,100,100,100,100,100,100,100,100,100,100,100
1/08/2019,17:22:05,100,100,100,100,100,100,100,100,100,100,100,100,100,100,100,100
1/08/2019,17:23:05,100,100,100,100,100,100,100,100,100,100,100,100,100,100,100,100
1/08/2019,17:24:05,100,100,100,100,100,100,100,100,100,100,100,100,100,100,100,100
1/08/2019,17:25:05,100,100,100,100,100,100,100,100,100,100,100,100,100,100,100,100
1/08/2019,17:26:05,100,100,100,100,100,100,100,100,100,100,100,100,100,100,100,100
1/08/2019,17:27:05,100,100,100,100,100,100,100,100,100,100,100,100,100,100,100,100
1/08/2019,17:28:05,100,100,100,100,100,100,100,100,100,100,100,100,100,100,100,100
1/08/2019,17:29:05,100,100,100,100,100,100,100,100,100,100,100,100,100,100,100,100
1/08/2019,17:30:05,100,100,100,100,100,100,100,100,100,100,100,100,100,100,100,100
1/08/2019,17:31:05,100,100,100,100,100,100,100,100,100,100,100,100,100,100,100,100
1/08/2019,17:32:05,100,100,100,100,100,100,100,100,100,100,100,100,100,100,100,100
1/08/2019,17:33:05,100,100,100,100,100,100,100,100,100,100,100,100,100,100,100,100
1/08/2019,17:34:05,100,100,100,100,100,100,100,100,100,100,100,100,100,100,100,100
1/08/2019,17:35:05,100,100,100,100,100,100,100,100,100,100,100,100,100,100,100,100
1/08/2019,17:36:05,100,100,100,100,100,100,100,100,100,100,100,100,100,100,100,100
1/08/2019,17:37:05,100,100,100,100,100,100,100,100,100,100,100,100,100,100,100,100
1/08/2019,17:38:05,100,100,100,100,100,100,100,100,100,100,100,100,100,100,100,100
1/08/2019,17:39:05,100,100,100,100,100,100,100,100,100,100,100,100,100,100,100,100
1/08/2019,17:40:05,100,100,100,100,100,100,100,100,100,100,100,100,100,100,100,100
1/08/2019,17:41:05,100,100,100,100,100,100,100,100,100,100,100,100,100,100,100,100
1/08/2019,17:42:05,100,100,100,100,100,100,100,100,100,100,100,100,100,100,100,100
1/08/2019,17:43:05,100,100,100,100,100,100,100,100,100,100,100,100,100,100,100,100
1/08/2019,17:44:05,100,100,100,100,100,100,100,100,100,100,100,100,100,100,100,100
1/08/2019,17:45:05,100,100,100,100,100,100,100,100,100,100,100,100,100,100,100,100
1/08/2019,17:46:05,100,100,100,100,100,100,100,100,100,100,100,100,100,100,100,100
1/08/2019,17:47:05,100,100,100,100,100,100,100,100,100,100,100,100,100,100,100,100
1/08/2019,17:48:05,100,100,100,100,100,100,100,100,100,100,100,100,100,100,100,100
1/08/2019,17:49:05,100,100,100,100,100,100,100,100,100,100,100,100,100,100,100,100
1/08/2019,17:50:05,100,100,100,100,100,100,100,100,100,100,100,100,100,100,100,100
1/08/2019,17:51:05,100,100,100,100,100,100,100,100,100,100,100,100,100,100,100,100
1/08/2019,17:52:05,100,100,100,100,100,100,100,100,100,100,100,100,100,100,100,100
1/08/2019,17:53:05,100,100,100,100,100,100,100,100,100,100,100,100,100,100,100,100
1/08/2019,17:54:05,100,100,100,100,100,100,100,100,100,100,100,100,100,100,100,100
1/08/2019,17:55:05,100,100,100,100,100,100,100,100,100,100,100,100,100,100,100,100
1/08/2019,17:56:05,100,100,100,100,100,100,100,100,100,100,100,100,100,100,100,100
1/08/2019,17:57:05,100,100,100,100,100,100,100,100,100,100,100,100,100,100,100,100
1/08/2019,17:58:05,100,100,100,100,100,100,100,100,100,100,100,100,100,100,100,100
1/08/2019,17:59:05,100,100,100,100,100,100,100,100,100,100,100,100,100,100,100,100
1/08/2019,18:00:05,100,100,100,100,100,100,100,100,100,100,100,100,100,100,100,100
1/08/2019,18:01:05,100,100,100,100,100,100,100,100,100,100,100,100,100,100,100,100
1/08/2019,18:02:05,100,100,100,100,100,100,100,100,100,100,100,100,100,100,100,100
1/08/2019,18:03:05,100,100,100,100,100,100,100,100,100,100,100,100,100,100,100,100
1/08/2019,18:04:05,100,100,100,100,100,100,100,100,100,100,100,100,100,100,100,100
1/08/2019,18:05:05,100,100,100,100,100,100,100,100,100,100,100,100,100,100,100,100
1/08/2019,18:06:05,100,100,100,100,100,100,100,100,100,100,100,100,100,100,100,100
1/08/2019,18:07:05,100,100,100,100,100,100,100,100,100,100,100,100,100,100,100,100
1/08/2019,18:08:05,100,100,100,100,100,100,100,100,100,100,100,100,100,100,100,100
1/08/2019,18:09:05,100,100,100,100,100,100,100,100,100,100,100,100,100,100,100,100
1/08/2019,18:10:05,100,100,100,100,100,100,100,100,100,100,100,100,100,100,100,100
1/08/2019,18:11:05,100,100,100,100,100,100,100,100,100,100,100,100,100,100,100,100
1/08/2019,18:12:05,100,100,100,100,100,100,100,100,100,100,100,100,100,100,100,100
1/08/2019,18:13:05,100,100,100,100,100,100,100,100,100,100,100,100,100,100,100,100
1/08/2019,18:14:05,100,100,100,100,100,100,100,100,100,100,100,100,100,100,100,100
1/08/2019,18:15:05,100,100,100,100,100,100,100,100,100,100,100,100,100,100,100,100
1/08/2019,18:16:05,100,100,100,100,100,100,100,100,100,100,100,100,100,100,100,100
1/08/2019,18:17:05,100,100,100,100,100,100,100,100,100,100,100,100,100,100,100,100
1/08/2019,18:18:05,100,100,100,100,100,100,100,100,100,100,100,100,100,100,100,100
1/08/2019,18:19:05,100,100,100,100,100,100,100,100,100,100,100,100,100,100,100,100
1/08/2019,18:20:05,100,100,100,100,100,100,100,100,100,100,100,100,100,100,100,100
1/08/2019,18:21:05,100,100,100,100,100,100,100,100,100,100,100,100,100,100,100,100
1/08/2019,18:22:05,100,100,100,100,100,100,100,100,100,100,100,100,100,100,100,100
1/08/2019,18:23:05,100,100,100,100,100,100,100,100,100,100,100,100,100,100,100,100
1/08/2019,18:24:05,100,100,100,100,100,100,100,100,100,100,100,100,100,100,100,100
1/08/2019,18:25:05,100,100,100,100,100,100,100,100,100,100,100,100,100,100,100,100
1/08/2019,18:26:05,100,100,100,100,100,100,100,100,100,100,100,100,100,100,100,100
1/08/2019,18:27:05,100,100,100,100,100,100,100,100,100,100,100,100,100,100,100,100
1/08/2019,18:28:05,100,100,100,100,100,100,100,100,100,100,100,100,100,100,100,100
1/08/2019,18:29:05,100,100,100,100,100,100,100,100,100,100,100,100,100,100,100,100
1/08/2019,18:30:05,100,100,100,100,100,100,100,100,100,100,100,100,100,100,100,100
1/08/2019,18:31:05,100,100,100,100,100,100,100,100,100,100,100,100,100,100,100,100
1/08/2019,18:32:05,100,100,100,100,100,100,100,100,100,100,100,100,100,100,100,100
1/08/2019,18:33:05,100,100,100,100,100,100,100,100,100,100,100,100,100,100,100,100
1/08/2019,18:34:05,100,100,100,100,100,100,100,100,100,100,100,100,100,100,100,100
1/08/2019,18:35:05,100,100,100,100,100,100,100,100,100,100,100,100,100,100,100,100
1/08/2019,18:36:05,100,100,100,100,100,100,100,100,100,100,100,100,100,100,100,100
1/08/2019,18:37:05,100,100,100,100,100,100,100,100,100,100,100,100,100,100,100,100
1/08/2019,18:38:05,100,100,100,100,100,100,100,100,100,100,100,100,100,100,100,100
1/08/2019,18:39:05,100,100,100,100,100,100,100,100,100,100,100,100,100,100,100,100
1/08/2019,18:40:05,100,100,100,100,100,100,100,100,100,100,100,100,100,100,100,100
1/08/2019,18:41:05,100,100,100,100,100,100,100,100,100,100,100,100,100,100,100,100
1/08/2019,18:42:05,100,100,100,100,100,100,100,100,100,100,100,100,100,100,100,100
1/08/2019,18:43:05,100,100,100,100,100,100,100,100,100,100,100,100,100,100,100,100
1/08/2019,18:44:05,100,100,100,100,100,100,100,100,100,100,100,100,100,100,100,100
1/08/2019,18:45:05,100,100,100,100,100,100,100,100,100,100,100,100,100,100,100,100
1/08/2019,18:46:05,100,100,100,100,100,100,100,100,100,100,100,100,100,100,100,100
1/08/2019,18:47:05,100,100,100,100,100,100,100,100,100,100,100,100,100,100,100,100
1/08/2019,18:48:05,100,100,100,100,100,100,100,100,100,100,100,100,100,100,100,100
1/08/2019,18:49:05,100,100,100,100,100,100,100,100,100,100,100,100,100,99,100,100
1/08/2019,18:50:05,100,100,100,100,100,100,100,100,100,100,100,100,100,99,100,100
1/08/2019,18:51:05,100,100,100,100,100,100,100,100,100,100,100,100,100,99,100,100
1/08/2019,18:52:05,100,100,100,100,100,100,100,100,100,100,100,100,100,99,100,100
1/08/2019,18:53:05,100,100,100,100,100,100,100,100,100,100,100,100,100,99,100,100
1/08/2019,18:54:05,100,100,100,100,100,100,100,100,100,100,100,100,100,99,100,100
1/08/2019,18:55:05,100,100,100,100,100,100,100,100,100,100,100,100,100,99,100,100
1/08/2019,18:56:05,100,100,100,100,100,100,100,100,100,100,100,100,99,99,100,100
1/08/2019,18:57:05,100,100,100,100,100,100,100,100,100,100,100,100,99,99,100,100
1/08/2019,18:58:05,100,100,100,100,100,100,100,100,100,100,100,100,99,98,100,100
1/08/2019,18:59:05,100,100,100,100,100,100,100,100,100,100,100,100,99,98,100,100
1/08/2019,19:00:05,100,100,100,100,100,100,100,100,100,100,100,100,99,98,100,100
1/08/2019,19:01:05,100,100,100,100,100,100,100,100,100,100,100,100,99,98,100,100
1/08/2019,19:02:05,100,100,100,100,100,100,100,100,100,100,100,100,98,98,100,100
1/08/2019,19:03:05,100,100,100,100,100,100,100,100,100,100,100,100,98,98,100,100
1/08/2019,19:04:05,100,100,100,100,100,100,100,100,100,100,100,100,98,98,100,100
1/08/2019,19:05:05,100,100,100,100,100,100,100,100,100,100,100,100,98,97,100,100
1/08/2019,19:06:05,100,100,100,100,100,100,100,100,100,100,100,100,98,97,100,100
1/08/2019,19:07:05,100,100,100,100,100,100,100,100,100,100,100,100,98,97,100,100
1/08/2019,19:08:05,100,100,100,100,100,100,100,100,100,100,100,100,98,97,100,100
1/08/2019,19:09:05,100,100,100,100,100,100,100,100,100,100,100,100,98,97,100,100
1/08/2019,19:10:05,100,100,100,100,100,100,100,100,100,100,100,100,98,97,100,100
1/08/2019,19:11:05,100,100,100,100,100,100,100,100,100,100,100,100,98,96,100,100
1/08/2019,19:12:05,100,100,100,100,100,100,100,100,100,100,100,100,97,96,100,100
1/08/2019,19:13:05,100,100,100,100,100,100,100,100,100,100,100,100,97,96,100,100
1/08/2019,19:14:05,100,100,100,100,100,100,100,100,100,100,100,100,97,96,100,100
1/08/2019,19:15:05,100,100,100,100,100,100,100,100,100,100,100,100,97,96,100,100
1/08/2019,19:16:05,100,100,100,100,100,100,100,100,100,100,100,100,97,96,100,100
1/08/2019,19:17:05,100,100,100,100,100,100,100,100,100,100,100,100,97,96,100,100
1/08/2019,19:18:05,100,100,100,100,100,100,100,100,100,100,100,100,97,95,100,100
1/08/2019,19:19:05,100,100,100,100,100,100,100,100,100,100,100,100,97,95,100,100
1/08/2019,19:20:05,100,100,100,100,100,100,100,100,100,100,100,100,97,95,100,100
1/08/2019,19:21:05,100,100,100,100,100,100,100,100,100,100,100,100,97,95,100,100
1/08/2019,19:22:05,100,100,100,100,100,100,100,100,100,100,100,100,97,95,100,100
1/08/2019,19:23:05,100,100,100,100,100,100,100,100,100,100,100,100,97,95,100,100
1/08/2019,19:24:05,100,100,100,100,100,100,100,100,100,100,100,100,97,95,100,100
1/08/2019,19:25:05,100,100,100,100,100,100,100,100,100,100,100,100,96,95,100,100
1/08/2019,19:26:05,100,100,100,100,100,100,100,100,100,100,100,100,96,95,100,100
1/08/2019,19:27:05,100,100,100,100,100,100,100,100,100,100,100,100,96,94,100,100
1/08/2019,19:28:05,100,100,100,100,100,100,100,100,100,100,100,100,96,94,100,100
1/08/2019,19:29:05,100,100,100,100,100,100,100,100,100,100,100,100,96,94,100,100
1/08/2019,19:30:05,100,100,100,100,100,100,100,100,100,100,100,100,96,94,100,100
1/08/2019,19:31:05,100,100,100,100,100,100,100,100,100,100,100,100,95,94,100,100
1/08/2019,19:32:05,100,100,100,100,100,100,100,100,100,100,100,100,95,94,100,100
1/08/2019,19:33:05,100,100,100,100,100,100,100,100,100,100,100,100,95,94,100,100
1/08/2019,19:34:05,100,100,100,100,100,100,100,100,100,100,100,100,95,94,100,100
1/08/2019,19:35:05,100,100,100,100,100,100,100,100,100,100,100,100,95,93,100,100
1/08/2019,19:36:05,100,100,100,100,100,100,100,100,100,100,100,100,95,93,100,100
1/08/2019,19:37:05,100,100,100,100,100,100,100,100,100,99,99,100,95,93,100,100
1/08/2019,19:38:05,100,100,100,100,100,100,100,100,100,99,99,100,95,93,100,100
1/08/2019,19:39:05,100,100,100,100,100,100,100,100,100,99,99,100,94,92,100,100
1/08/2019,19:40:05,100,100,100,100,100,100,100,100,100,99,99,100,94,92,100,100
1/08/2019,19:41:05,100,100,100,100,100,100,100,100,100,99,98,100,94,92,100,100
1/08/2019,19:42:05,100,100,100,100,100,100,100,100,100,99,98,100,94,91,100,100
1/08/2019,19:43:05,100,100,100,100,100,100,100,100,100,99,98,100,94,91,100,100
1/08/2019,19:44:05,100,100,100,100,100,100,100,100,100,99,98,100,93,91,100,100
1/08/2019,19:45:05,100,100,100,100,100,100,100,100,100,99,98,100,93,90,100,100
1/08/2019,19:46:05,100,100,100,100,100,100,100,100,100,99,98,100,93,90,100,100
1/08/2019,19:47:05,100,100,100,100,100,100,100,100,100,98,98,100,93,90,100,100
1/08/2019,19:48:05,100,100,100,100,100,100,100,100,100,98,97,100,93,89,100,100
1/08/2019,19:49:05,100,100,100,100,100,100,100,100,100,98,97,100,93,89,100,100
1/08/2019,19:50:05,100,100,100,100,100,100,100,100,100,98,97,100,92,89,100,100
1/08/2019,19:51:05,100,100,100,100,100,100,100,100,100,98,97,100,92,89,100,100
1/08/2019,19:52:05,100,100,100,100,100,100,100,100,100,98,97,100,92,88,100,100
1/08/2019,19:53:05,100,100,100,100,100,100,100,100,100,98,96,100,92,88,100,100
1/08/2019,19:54:05,100,100,100,100,100,100,100,100,100,98,96,100,92,88,100,100
1/08/2019,19:55:05,100,100,100,100,100,100,100,100,100,98,96,100,92,89,100,100
1/08/2019,19:56:05,100,100,100,100,100,100,100,100,100,98,96,100,92,89,100,100
1/08/2019,19:57:05,100,100,100,100,100,100,100,100,100,98,96,100,92,89,100,100
1/08/2019,19:58:05,100,100,100,100,100,100,100,100,100,98,96,100,92,89,100,100
1/08/2019,19:59:05,100,100,100,100,100,100,100,100,100,98,96,100,92,89,100,100
1/08/2019,20:00:05,100,100,100,100,100,100,100,100,100,98,95,100,92,89,100,100
1/08/2019,20:01:05,100,100,100,100,100,100,100,100,100,97,95,100,92,89,100,100
1/08/2019,20:02:05,100,100,100,100,100,100,100,100,100,97,95,99,92,89,100,100
1/08/2019,20:03:05,100,100,100,100,100,100,100,100,100,97,95,99,92,89,100,100
1/08/2019,20:04:05,100,100,100,100,100,100,100,100,100,97,95,99,92,88,100,100
1/08/2019,20:05:05,100,100,100,100,100,100,100,100,100,97,95,98,92,88,100,100
1/08/2019,20:06:05,100,100,100,100,100,100,100,100,100,97,95,98,92,87,100,100
1/08/2019,20:07:05,100,100,100,100,100,100,100,100,100,97,95,98,92,87,100,100
1/08/2019,20:08:05,100,100,100,100,100,100,100,100,100,96,95,98,92,87,100,100
1/08/2019,20:09:05,100,100,100,100,100,100,100,100,100,96,94,98,92,86,100,100
1/08/2019,20:10:05,100,100,100,100,100,100,100,100,100,96,94,97,92,86,100,100
1/08/2019,20:11:05,100,100,100,100,100,100,100,100,100,96,94,97,92,85,100,100
1/08/2019,20:12:05,100,100,100,100,100,100,100,100,100,96,94,97,92,85,100,100
1/08/2019,20:13:05,100,100,100,100,100,100,100,100,100,96,94,97,92,85,100,100
1/08/2019,20:14:05,100,100,100,100,100,100,100,100,100,96,94,97,92,84,100,100
1/08/2019,20:15:05,100,100,100,100,100,100,100,100,100,96,94,96,92,84,100,100
1/08/2019,20:16:05,100,100,100,100,100,100,100,100,100,96,94,96,92,83,100,100
1/08/2019,20:17:05,100,100,100,100,100,100,100,100,100,96,94,96,92,83,100,100
1/08/2019,20:18:05,100,100,100,100,100,100,100,100,100,95,93,96,92,83,100,100
1/08/2019,20:19:05,100,100,100,100,100,100,100,100,100,95,93,95,92,82,100,100
1/08/2019,20:20:05,100,100,100,100,100,100,100,100,100,95,93,95,92,82,100,100
1/08/2019,20:21:05,100,100,100,100,100,100,100,100,100,95,93,95,92,82,100,100
1/08/2019,20:22:05,100,100,100,100,100,100,100,100,100,95,93,95,92,81,100,100
1/08/2019,20:23:05,100,100,100,100,100,100,100,100,100,95,93,95,92,81,100,100
1/08/2019,20:24:05,100,100,100,100,100,100,100,100,100,95,93,95,92,81,100,100
1/08/2019,20:25:05,100,100,100,100,100,100,100,100,100,95,93,94,92,80,100,100
1/08/2019,20:26:05,100,100,100,100,100,100,100,100,100,95,93,94,92,80,100,100
1/08/2019,20:27:05,100,100,100,100,100,100,100,100,100,95,93,94,92,80,100,100
1/08/2019,20:28:05,100,100,100,100,100,100,100,100,100,95,92,94,92,79,100,100
1/08/2019,20:29:05,100,100,100,100,100,100,100,100,100,95,92,94,93,79,100,100
1/08/2019,20:30:05,100,100,100,100,100,100,100,100,100,95,92,94,93,79,100,100
1/08/2019,20:31:05,100,100,100,100,100,100,100,100,100,94,92,93,93,78,100,100
1/08/2019,20:32:05,100,100,100,100,100,100,100,100,100,94,92,93,93,78,100,100
1/08/2019,20:33:05,100,100,100,100,100,100,100,100,100,94,92,93,93,78,100,100
1/08/2019,20:34:05,100,100,100,100,100,100,100,100,100,94,92,93,93,78,100,100
1/08/2019,20:35:05,100,100,100,100,100,100,100,100,100,94,92,93,93,77,100,100
1/08/2019,20:36:05,100,100,100,100,100,100,100,100,100,94,92,93,93,77,100,100
1/08/2019,20:37:05,100,100,100,100,100,100,100,100,100,94,92,93,93,77,100,100
1/08/2019,20:38:05,100,100,100,100,100,100,100,100,100,94,92,92,93,76,100,100
1/08/2019,20:39:05,100,100,100,100,100,100,100,100,100,94,92,92,93,76,100,100
1/08/2019,20:40:05,100,100,100,100,100,100,100,100,100,94,92,92,93,76,100,100
1/08/2019,20:41:05,100,100,100,100,100,100,100,100,100,94,92,92,93,75,100,100
1/08/2019,20:42:05,100,100,100,100,100,100,100,100,100,94,92,92,93,75,100,100
1/08/2019,20:43:05,100,100,100,100,100,100,100,100,100,94,92,92,93,75,100,100
1/08/2019,20:44:05,100,100,100,100,100,100,100,100,100,94,91,92,93,75,100,100
1/08/2019,20:45:05,100,100,100,100,100,100,100,100,100,94,91,92,93,74,100,100
1/08/2019,20:46:05,100,100,100,100,100,100,100,100,100,94,91,92,93,74,100,100
1/08/2019,20:47:05,100,100,100,100,100,100,100,100,100,94,91,92,92,74,100,100
1/08/2019,20:48:05,100,100,100,100,100,100,100,100,100,94,91,92,92,74,100,100
1/08/2019,20:49:05,100,100,100,100,100,100,100,100,100,94,91,92,92,75,100,100
1/08/2019,20:50:05,100,100,100,100,100,100,100,100,100,93,91,92,92,75,100,100
1/08/2019,20:51:05,100,100,100,100,100,100,100,100,100,93,91,92,91,75,100,100
1/08/2019,20:52:05,100,100,100,100,100,100,100,100,100,93,91,92,91,75,100,100
1/08/2019,20:53:05,100,100,100,100,100,100,100,100,100,93,91,92,91,75,100,100
1/08/2019,20:54:05,100,100,100,100,100,100,100,100,100,93,91,92,91,75,100,100
1/08/2019,20:55:05,100,100,100,100,100,100,100,100,100,93,90,92,91,75,100,100
1/08/2019,20:56:05,100,100,100,100,100,100,100,100,100,93,90,92,90,75,100,100
1/08/2019,20:57:05,100,100,100,100,100,100,100,100,100,93,90,92,90,75,100,100
1/08/2019,20:58:05,100,100,100,100,100,100,100,100,100,93,90,92,90,75,100,100
1/08/2019,20:59:05,100,100,100,100,100,100,100,100,100,93,90,92,90,75,100,100
1/08/2019,21:00:05,100,100,100,100,100,100,100,100,100,93,90,92,90,76,100,100
1/08/2019,21:01:05,100,100,100,100,100,100,100,100,100,93,90,92,89,76,100,100
1/08/2019,21:02:05,100,100,100,100,100,100,100,100,100,93,90,92,89,76,100,100
1/08/2019,21:03:05,100,100,100,100,100,100,100,100,100,93,90,92,89,76,100,100
1/08/2019,21:04:05,100,100,100,100,100,100,100,100,100,93,90,92,89,76,100,100
1/08/2019,21:05:05,100,100,100,100,100,100,100,100,100,93,89,91,88,76,100,100
1/08/2019,21:06:05,100,100,100,100,100,100,100,100,100,93,89,91,88,76,100,100
1/08/2019,21:07:05,100,100,100,100,100,100,100,100,100,93,89,91,88,76,100,100
1/08/2019,21:08:05,100,100,100,100,100,100,100,100,100,92,89,91,88,76,100,100
1/08/2019,21:09:05,100,100,100,100,100,100,100,100,100,92,89,92,87,76,100,100
1/08/2019,21:10:05,100,100,100,100,100,100,100,100,100,92,89,92,87,76,100,100
1/08/2019,21:11:05,100,100,100,100,100,100,100,100,100,92,89,92,87,76,100,100
1/08/2019,21:12:05,100,100,100,100,100,100,100,100,100,92,89,92,87,77,100,100
1/08/2019,21:13:05,100,100,100,100,100,100,100,100,100,92,89,92,87,77,100,100
1/08/2019,21:14:05,100,100,100,100,100,100,100,100,100,92,89,92,87,77,100,100
1/08/2019,21:15:05,100,100,100,100,100,100,100,100,100,92,89,92,86,77,100,100
1/08/2019,21:16:05,100,100,100,100,100,100,100,100,100,92,89,92,86,77,100,100
1/08/2019,21:17:05,100,100,100,100,100,100,100,100,100,92,89,91,86,77,100,100
1/08/2019,21:18:05,100,100,100,100,100,100,100,100,100,92,89,91,86,77,100,100
1/08/2019,21:19:05,100,100,100,100,100,100,100,100,100,92,89,91,86,77,100,100
1/08/2019,21:20:05,100,100,100,100,100,100,100,100,100,92,89,91,85,77,100,100
1/08/2019,21:21:05,100,100,100,100,100,100,100,100,100,92,89,91,85,77,100,100
1/08/2019,21:22:05,100,100,100,100,100,100,100,100,100,92,89,91,85,77,100,100
1/08/2019,21:23:05,100,100,100,100,100,100,100,100,100,92,89,91,85,77,100,100
1/08/2019,21:24:05,100,100,100,100,100,100,100,100,100,92,89,91,85,77,100,100
1/08/2019,21:25:05,100,100,100,100,100,100,100,100,100,92,89,91,84,78,100,100
1/08/2019,21:26:05,100,100,100,100,100,100,100,100,100,92,89,91,84,78,100,100
1/08/2019,21:27:05,100,100,100,100,100,100,100,100,100,91,89,91,84,78,100,100
1/08/2019,21:28:05,100,100,100,100,100,100,100,100,100,91,89,91,84,78,100,100
1/08/2019,21:29:05,100,100,100,100,100,100,100,100,100,91,89,91,84,78,100,100
1/08/2019,21:30:05,100,100,100,100,100,100,100,100,100,91,89,91,84,78,100,100
1/08/2019,21:31:05,100,100,100,100,100,100,100,100,100,91,89,91,83,78,100,100
1/08/2019,21:32:05,100,100,100,100,100,100,100,100,100,91,89,91,83,78,100,100
1/08/2019,21:33:05,100,100,100,100,100,100,100,100,100,91,89,91,83,78,100,100
1/08/2019,21:34:05,100,100,100,100,100,100,100,100,100,91,89,91,83,78,100,100
1/08/2019,21:35:05,100,100,100,100,100,100,100,100,100,91,89,91,83,78,100,100
1/08/2019,21:36:05,100,100,100,100,100,100,100,100,100,91,88,91,83,78,100,100
1/08/2019,21:37:05,100,100,100,100,100,100,100,100,100,91,88,91,82,78,100,100
1/08/2019,21:38:05,100,100,100,100,100,100,100,100,100,91,88,91,82,78,100,100
1/08/2019,21:39:05,100,100,100,100,100,100,100,100,100,91,88,91,82,79,100,100
1/08/2019,21:40:05,100,100,100,100,100,100,100,100,100,91,88,91,82,79,100,100
1/08/2019,21:41:05,100,100,100,100,100,100,100,100,100,91,88,91,82,79,100,100
1/08/2019,21:42:05,100,100,100,100,100,100,100,100,100,91,88,91,82,79,100,100
1/08/2019,21:43:05,100,100,100,100,100,100,100,100,100,91,88,91,82,79,100,100
1/08/2019,21:44:05,100,100,100,100,100,100,100,100,100,91,88,91,82,79,100,100
1/08/2019,21:45:05,100,100,100,100,100,100,100,100,100,91,88,91,81,79,100,100
1/08/2019,21:46:05,100,100,100,100,100,100,100,100,100,91,88,91,81,79,100,100
1/08/2019,21:47:05,100,100,100,100,100,100,100,100,100,91,88,91,81,79,100,100
1/08/2019,21:48:05,100,100,100,100,100,100,100,100,100,91,88,91,81,79,100,100
1/08/2019,21:49:05,100,100,100,100,100,100,100,100,100,91,88,91,81,79,100,100
1/08/2019,21:50:05,100,100,100,100,100,100,100,100,100,91,88,91,80,79,100,100
1/08/2019,21:51:05,100,100,100,100,100,100,100,100,100,90,87,91,80,79,100,100
1/08/2019,21:52:05,100,100,100,100,100,100,100,100,100,90,87,91,80,79,100,100
1/08/2019,21:53:05,100,100,100,100,100,100,100,100,100,90,87,91,80,79,100,100
1/08/2019,21:54:05,100,100,100,100,100,100,100,100,100,90,87,91,80,80,100,100
1/08/2019,21:55:05,100,100,100,100,100,100,100,100,100,90,87,91,80,80,100,100
1/08/2019,21:56:05,100,100,100,100,100,100,100,100,100,90,87,91,80,80,100,100
1/08/2019,21:57:05,100,100,100,100,100,100,100,100,100,90,87,91,79,80,100,100
1/08/2019,21:58:05,100,100,100,100,100,100,100,100,100,90,87,91,79,80,100,100
1/08/2019,21:59:05,100,100,100,100,100,100,100,100,100,90,87,91,79,80,100,100
1/08/2019,22:00:05,100,100,100,100,100,100,100,100,100,90,87,91,79,80,100,100
1/08/2019,22:01:05,100,100,100,100,100,100,100,100,100,90,87,91,79,80,100,100
1/08/2019,22:02:05,100,100,100,100,100,100,100,100,100,90,87,91,79,80,100,100
1/08/2019,22:03:05,100,100,100,100,100,100,100,100,100,90,87,91,79,80,100,100
1/08/2019,22:04:05,100,100,100,100,100,100,100,100,100,90,87,92,79,80,100,100
1/08/2019,22:05:05,100,100,100,100,100,100,100,100,100,90,87,92,78,80,100,100
1/08/2019,22:06:05,100,100,100,100,100,100,100,100,100,90,87,92,78,80,100,100
1/08/2019,22:07:05,100,100,100,100,100,100,100,100,100,90,87,92,78,80,100,100
1/08/2019,22:08:05,100,100,100,100,100,100,100,100,100,90,87,92,78,80,100,100
1/08/2019,22:09:05,100,100,100,100,100,100,100,100,100,90,87,92,78,80,100,100
1/08/2019,22:10:05,100,100,100,100,100,100,100,100,100,90,87,92,78,80,100,100
1/08/2019,22:11:05,100,100,100,100,100,100,100,100,100,90,86,92,77,80,100,100
1/08/2019,22:12:05,100,100,100,100,100,100,100,100,100,90,86,92,77,81,100,100
1/08/2019,22:13:05,100,100,100,100,100,100,100,100,100,90,86,92,77,81,100,100
1/08/2019,22:14:05,100,100,100,100,100,100,100,100,100,90,86,92,77,81,100,100
1/08/2019,22:15:05,100,100,100,100,100,100,100,100,100,90,86,92,77,81,100,100
1/08/2019,22:16:05,100,100,100,100,100,100,100,100,100,90,86,92,77,81,100,100
1/08/2019,22:17:05,100,100,100,100,100,100,100,100,100,90,86,92,77,81,100,100
1/08/2019,22:18:05,100,100,100,100,100,100,100,100,100,90,86,92,76,81,100,100
1/08/2019,22:19:05,100,100,100,100,100,100,100,100,100,90,86,92,76,81,100,100
1/08/2019,22:20:05,100,100,100,100,100,100,100,100,100,90,86,92,76,81,100,100
1/08/2019,22:21:05,100,100,100,100,100,100,100,100,100,90,86,92,76,81,100,100
1/08/2019,22:22:05,100,100,100,100,100,100,100,100,100,90,86,92,76,81,100,100
1/08/2019,22:23:05,100,100,100,100,100,100,100,100,100,90,86,92,76,81,100,100
1/08/2019,22:24:05,100,100,100,100,100,100,100,100,100,90,86,92,76,81,100,100
1/08/2019,22:25:05,100,100,100,100,100,100,100,100,100,90,86,92,75,81,100,100
1/08/2019,22:26:05,100,100,100,100,100,100,100,100,100,90,86,92,75,81,100,100
1/08/2019,22:27:05,100,100,100,100,100,100,100,100,100,90,86,92,75,81,100,100
1/08/2019,22:28:05,100,100,100,100,100,100,100,100,100,90,86,92,75,81,100,100
1/08/2019,22:29:05,100,100,100,100,100,100,100,100,100,90,86,92,75,81,100,100
1/08/2019,22:30:05,100,100,100,100,100,100,100,100,100,90,86,92,75,81,100,100
1/08/2019,22:31:05,100,100,100,100,100,100,100,100,100,90,85,92,75,82,100,100
1/08/2019,22:32:05,100,100,100,100,100,100,100,100,100,90,85,92,75,82,100,100
1/08/2019,22:33:05,100,100,100,100,100,100,100,100,100,90,85,92,74,82,100,100
1/08/2019,22:34:05,100,100,100,100,100,100,100,100,100,90,85,92,74,82,100,100
1/08/2019,22:35:05,100,100,100,100,100,100,100,100,100,90,85,92,74,82,100,100
1/08/2019,22:36:05,100,100,100,100,100,100,100,100,100,90,85,92,74,82,100,100
1/08/2019,22:37:05,100,100,100,100,100,100,100,100,100,90,85,92,74,82,100,100
1/08/2019,22:38:05,100,100,100,100,100,100,100,100,100,89,85,92,74,82,100,100
1/08/2019,22:39:05,100,100,100,100,100,100,100,100,100,89,85,92,73,82,100,100
1/08/2019,22:40:05,100,100,100,100,100,100,100,100,100,89,85,92,73,82,100,100
1/08/2019,22:41:05,100,100,100,100,100,100,100,100,100,89,85,92,73,82,100,100
1/08/2019,22:42:05,100,100,100,100,100,100,100,100,100,89,85,92,73,82,100,100
1/08/2019,22:43:05,100,100,100,100,100,100,100,100,100,89,85,92,73,82,100,100
1/08/2019,22:44:05,100,100,100,100,100,100,100,100,100,89,85,92,73,82,100,100
1/08/2019,22:45:05,100,100,100,100,100,100,100,100,100,89,85,92,73,82,100,100
1/08/2019,22:46:05,100,100,100,100,100,100,100,100,100,89,85,92,73,82,100,100
1/08/2019,22:47:05,100,100,100,100,100,100,100,100,100,89,85,92,73,82,100,100
1/08/2019,22:48:05,100,100,100,100,100,100,100,100,100,89,85,92,72,82,100,100
1/08/2019,22:49:05,100,100,100,100,100,100,100,100,100,89,85,92,72,82,100,100
1/08/2019,22:50:05,100,100,100,100,100,100,100,100,100,89,85,92,72,82,100,100
1/08/2019,22:51:05,100,100,100,100,100,100,100,100,100,89,85,92,72,82,100,100
1/08/2019,22:52:05,100,100,100,100,100,100,100,100,100,89,84,93,72,83,100,100
1/08/2019,22:53:05,100,100,100,100,100,100,100,100,100,89,84,93,72,83,100,100
1/08/2019,22:54:05,100,100,100,100,100,100,100,100,100,89,84,93,72,83,100,100
1/08/2019,22:55:05,100,100,100,100,100,100,100,100,100,89,84,93,72,83,100,100
1/08/2019,22:56:05,100,100,100,100,100,100,100,100,100,89,84,93,72,83,100,100
1/08/2019,22:57:05,100,100,100,100,100,100,100,100,100,89,84,93,72,83,100,100
1/08/2019,22:58:05,100,100,100,100,100,100,100,100,100,89,84,93,72,83,100,100
1/08/2019,22:59:05,100,100,100,100,100,100,100,100,100,89,84,93,71,83,100,100
1/08/2019,23:00:05,100,100,100,100,100,100,100,100,100,89,84,93,71,83,100,100
1/08/2019,23:01:05,100,100,100,100,100,100,100,100,100,89,84,93,71,83,100,100
1/08/2019,23:02:05,100,100,100,100,100,100,100,100,100,89,84,93,71,83,100,100
1/08/2019,23:03:05,100,100,100,100,100,100,100,100,100,89,84,93,71,83,100,100
1/08/2019,23:04:05,100,100,100,100,100,100,100,100,100,89,84,93,71,83,100,100
1/08/2019,23:05:05,100,100,100,100,100,100,100,100,100,89,84,93,71,83,100,100
1/08/2019,23:06:05,100,100,100,100,100,100,100,100,100,89,84,93,71,83,100,100
1/08/2019,23:07:05,100,100,100,100,100,100,100,100,100,89,84,93,71,83,100,100
1/08/2019,23:08:05,100,100,100,100,100,100,100,100,100,89,84,93,71,83,100,100
1/08/2019,23:09:05,100,100,100,100,100,100,100,100,100,89,84,93,71,83,100,100
1/08/2019,23:10:05,100,100,100,100,100,100,100,100,100,89,84,93,70,83,100,100
1/08/2019,23:11:05,100,100,100,100,100,100,100,100,100,89,84,93,70,83,100,100
1/08/2019,23:12:05,100,100,100,100,100,100,100,100,100,89,84,93,70,83,100,100
1/08/2019,23:13:05,100,100,100,100,100,100,100,100,100,89,84,93,70,83,100,100
1/08/2019,23:14:05,100,100,100,100,100,100,100,100,100,89,84,93,70,83,100,100
1/08/2019,23:15:05,100,100,100,100,100,100,100,100,100,89,84,93,70,83,100,100
1/08/2019,23:16:05,100,100,100,100,100,100,100,100,100,89,84,93,70,84,100,100
1/08/2019,23:17:05,100,100,100,100,100,100,100,100,100,89,84,93,70,84,100,100
1/08/2019,23:18:05,100,100,100,100,100,100,100,100,100,89,83,93,70,84,100,100
1/08/2019,23:19:05,100,100,100,100,100,100,100,100,100,89,84,93,69,84,100,100
1/08/2019,23:20:05,100,100,100,100,100,100,100,100,100,88,83,93,69,84,100,100
1/08/2019,23:21:05,100,100,100,100,100,100,100,100,100,88,83,93,69,84,100,100
1/08/2019,23:22:05,100,100,100,100,100,100,100,100,100,88,83,93,69,84,100,100
1/08/2019,23:23:05,100,100,100,100,100,100,100,99,100,88,83,93,69,84,100,100
1/08/2019,23:24:05,100,100,100,100,100,100,100,99,100,88,83,93,69,84,100,100
1/08/2019,23:25:05,100,100,100,100,100,100,100,99,100,88,83,93,69,84,100,100
1/08/2019,23:26:05,100,100,100,100,100,100,100,99,100,88,83,93,69,84,100,100
1/08/2019,23:27:05,100,100,100,100,100,100,100,99,100,88,83,92,70,84,100,100
1/08/2019,23:28:05,100,100,100,100,100,100,100,99,100,89,83,92,70,84,100,100
1/08/2019,23:29:05,100,100,100,100,100,100,100,99,100,88,83,92,70,84,100,100
1/08/2019,23:30:05,100,100,100,100,100,100,100,99,100,88,83,92,70,84,100,100
1/08/2019,23:31:05,100,100,100,100,100,100,100,99,100,88,83,92,70,84,100,100
1/08/2019,23:32:05,100,100,100,100,100,100,100,99,100,88,83,92,70,84,100,100
1/08/2019,23:33:05,100,100,100,100,100,100,100,99,100,88,83,92,70,84,100,100
1/08/2019,23:34:05,100,100,100,100,100,100,100,99,100,88,83,92,70,84,100,100
1/08/2019,23:35:05,100,100,100,100,100,100,100,99,100,88,83,91,70,84,100,100
1/08/2019,23:36:05,100,100,100,100,100,100,100,99,100,88,83,91,70,84,100,100
1/08/2019,23:37:05,100,100,100,100,100,100,100,99,100,88,83,91,70,84,100,100
1/08/2019,23:38:05,100,100,100,100,100,100,100,99,100,88,83,91,70,84,100,100
1/08/2019,23:39:05,100,100,100,100,100,100,100,99,100,88,83,91,70,84,100,100
1/08/2019,23:40:05,100,100,100,100,100,100,100,99,100,88,83,91,70,84,100,100
1/08/2019,23:41:05,100,100,100,100,100,100,100,99,100,88,83,91,71,84,100,100
1/08/2019,23:42:05,100,100,100,100,100,100,100,99,100,88,83,91,71,84,100,100
1/08/2019,23:43:05,100,100,100,100,100,100,100,99,100,88,83,91,71,85,100,100
1/08/2019,23:44:05,100,100,100,100,100,100,100,99,100,88,83,91,71,85,100,100
1/08/2019,23:45:05,100,100,100,100,100,100,100,99,100,88,83,91,71,85,100,100
1/08/2019,23:46:05,100,100,100,100,100,100,100,99,100,88,83,91,71,85,100,100
1/08/2019,23:47:05,100,100,100,100,100,100,100,99,100,88,83,90,71,85,100,100
1/08/2019,23:48:05,100,100,100,100,100,100,100,99,100,88,83,90,71,85,100,100
1/08/2019,23:49:05,100,100,100,100,100,100,100,99,100,88,83,90,71,85,100,100
1/08/2019,23:50:05,100,100,100,100,100,100,100,99,100,88,83,90,71,85,100,100
1/08/2019,23:51:05,100,100,100,100,100,100,100,99,100,88,83,90,71,85,100,100
1/08/2019,23:52:05,100,100,100,100,100,100,100,99,100,88,83,90,71,85,100,100
1/08/2019,23:53:05,100,100,100,100,100,100,100,99,100,88,82,90,70,85,100,100
1/08/2019,23:54:05,100,100,100,100,100,100,100,99,100,88,82,90,70,85,100,100
1/08/2019,23:55:05,100,100,100,100,100,100,100,99,100,88,82,90,70,85,100,100
1/08/2019,23:56:05,100,100,100,100,100,100,100,99,100,88,82,90,70,85,100,100
1/08/2019,23:57:05,100,100,100,100,100,100,100,99,100,88,82,89,70,85,100,100
1/08/2019,23:58:05,100,100,100,100,100,100,100,99,100,88,82,89,70,85,100,100
1/08/2019,23:59:05,100,100,100,100,100,100,100,99,100,88,82,89,70,85,100,100
2/08/2019,0:00:05,100,100,100,100,100,100,100,99,100,88,82,89,70,85,100,100
2/08/2019,0:01:05,100,100,100,100,100,100,100,99,100,88,82,89,70,85,100,100
2/08/2019,0:02:05,100,100,100,100,100,100,100,99,100,88,82,89,70,85,100,100
2/08/2019,0:03:05,100,100,100,100,100,100,100,99,100,88,82,89,70,85,100,100
2/08/2019,0:04:05,100,100,100,100,100,100,100,99,100,88,82,89,70,85,100,100
2/08/2019,0:05:05,100,100,100,100,100,100,100,99,100,88,82,88,70,85,100,100
2/08/2019,0:06:05,100,100,100,100,100,100,100,99,100,88,82,88,69,85,100,100
2/08/2019,0:07:05,100,100,100,100,100,100,100,99,100,88,82,88,69,85,100,100
2/08/2019,0:08:05,100,100,100,100,100,100,100,99,100,88,82,88,69,85,100,100
2/08/2019,0:09:05,100,100,100,100,100,100,100,99,100,88,82,88,69,85,100,100
2/08/2019,0:10:05,100,100,100,100,100,100,100,99,100,88,82,88,69,85,100,100
2/08/2019,0:11:05,100,100,100,100,100,100,100,99,100,88,82,88,69,85,100,100
2/08/2019,0:12:05,100,100,100,100,100,100,100,99,100,88,82,88,69,85,100,100
2/08/2019,0:13:05,100,100,100,100,100,100,100,99,100,88,82,88,69,85,100,100
2/08/2019,0:14:05,100,100,100,100,100,100,100,99,100,88,82,88,69,86,100,100
2/08/2019,0:15:05,100,100,100,100,100,100,100,99,100,88,82,88,69,86,100,100
2/08/2019,0:16:05,100,100,100,100,100,100,100,99,100,88,82,87,69,86,100,100
2/08/2019,0:17:05,100,100,100,100,100,100,100,99,100,88,82,87,69,86,100,100
2/08/2019,0:18:05,100,100,100,100,100,100,100,99,100,88,82,87,69,86,100,100
2/08/2019,0:19:05,100,100,100,100,100,100,100,99,100,88,82,87,69,86,100,100
2/08/2019,0:20:05,100,100,100,100,100,100,100,99,100,88,82,87,69,86,100,100
2/08/2019,0:21:05,100,100,100,100,100,100,100,99,100,88,82,87,68,86,100,100
2/08/2019,0:22:05,100,100,100,100,100,100,100,99,100,88,82,87,68,86,100,100
2/08/2019,0:23:05,100,100,100,100,100,100,100,99,100,88,82,87,68,86,100,100
2/08/2019,0:24:05,100,100,100,100,100,100,100,99,100,88,82,86,68,86,100,100
2/08/2019,0:25:05,100,100,100,100,100,100,100,99,100,88,82,86,68,86,100,100
2/08/2019,0:26:05,100,100,100,100,100,100,100,99,100,88,82,86,68,86,100,100
2/08/2019,0:27:05,100,100,100,100,100,100,100,99,100,88,81,86,68,86,100,100
2/08/2019,0:28:05,100,100,100,100,100,100,100,99,100,88,81,86,68,86,100,100
2/08/2019,0:29:05,100,100,100,100,100,100,100,99,100,88,81,86,68,86,100,100
2/08/2019,0:30:05,100,100,100,100,100,100,100,99,100,88,81,86,68,86,100,100
2/08/2019,0:31:05,100,100,100,100,100,100,100,99,100,88,81,86,68,86,100,100
2/08/2019,0:32:05,100,100,100,100,100,100,100,99,100,88,81,86,68,86,100,100
2/08/2019,0:33:05,100,100,100,100,100,100,100,99,100,88,81,86,68,86,100,100
2/08/2019,0:34:05,100,100,100,100,100,100,100,99,100,88,81,86,68,86,100,100
2/08/2019,0:35:05,100,100,100,100,100,100,100,99,100,87,81,85,68,86,100,100
2/08/2019,0:36:05,100,100,100,100,100,100,100,99,100,87,81,85,68,86,100,100
2/08/2019,0:37:05,100,100,100,100,100,100,100,99,100,87,81,85,68,86,100,100
2/08/2019,0:38:05,100,100,100,100,100,100,100,99,100,87,81,85,67,86,100,100
2/08/2019,0:39:05,100,100,100,100,100,100,100,99,100,87,81,85,67,86,100,100
2/08/2019,0:40:05,100,100,100,100,100,100,100,99,100,87,81,85,67,86,100,100
2/08/2019,0:41:05,100,100,100,100,100,100,100,99,100,87,81,85,67,86,100,100
2/08/2019,0:42:05,100,100,100,100,100,100,100,99,100,87,81,85,67,86,100,100
2/08/2019,0:43:05,100,100,100,100,100,100,100,99,100,87,81,85,67,86,100,100
2/08/2019,0:44:05,100,100,100,100,100,100,100,99,100,87,81,85,67,86,100,100
2/08/2019,0:45:05,100,100,100,100,100,100,100,99,100,87,81,84,67,86,100,100
2/08/2019,0:46:05,100,100,100,100,100,100,100,99,100,87,81,84,67,86,100,100
2/08/2019,0:47:05,100,100,100,100,100,100,100,99,100,87,81,84,67,86,100,100
2/08/2019,0:48:05,100,100,100,100,100,100,100,99,100,87,81,84,67,86,100,100
2/08/2019,0:49:05,100,100,100,100,100,100,100,99,100,87,81,84,67,86,100,100
2/08/2019,0:50:05,100,100,100,100,100,100,100,99,100,87,81,84,67,87,100,100
2/08/2019,0:51:05,100,100,100,100,100,100,100,99,100,87,81,84,67,87,100,100
2/08/2019,0:52:05,100,100,100,100,100,100,100,99,100,87,81,84,66,87,100,100
2/08/2019,0:53:05,100,100,100,100,100,100,100,99,100,87,81,84,66,87,100,100
2/08/2019,0:54:05,100,100,100,100,100,100,100,99,100,87,81,84,66,87,100,100
2/08/2019,0:55:05,100,100,100,100,100,100,100,99,100,87,81,84,66,87,100,100
2/08/2019,0:56:05,100,100,100,100,100,100,100,99,100,87,81,83,66,87,100,100
2/08/2019,0:57:05,100,100,100,100,100,100,100,99,100,87,81,83,66,87,100,100
2/08/2019,0:58:05,100,100,100,100,100,100,100,99,100,87,81,83,66,87,100,100
2/08/2019,0:59:05,100,100,100,100,100,100,100,99,100,87,81,83,66,87,100,100
2/08/2019,1:00:05,100,100,100,100,100,100,100,99,100,87,80,83,66,87,100,100
2/08/2019,1:01:05,100,100,100,100,100,100,100,99,100,87,80,83,66,87,100,100
2/08/2019,1:02:05,100,100,100,100,100,100,100,99,100,87,80,83,66,87,100,100
2/08/2019,1:03:05,100,100,100,100,100,100,100,99,100,87,80,83,66,87,100,100
2/08/2019,1:04:05,100,100,100,100,100,100,100,99,100,87,80,83,66,87,100,100
2/08/2019,1:05:05,100,100,100,100,100,100,100,99,100,87,80,83,65,87,100,100
2/08/2019,1:06:05,100,100,100,100,100,100,100,99,100,87,80,83,65,87,100,100
2/08/2019,1:07:05,100,100,100,100,100,100,100,99,100,87,80,83,65,87,100,100
2/08/2019,1:08:05,100,100,100,100,100,100,100,99,100,87,80,82,65,87,100,100
2/08/2019,1:09:05,100,100,100,100,100,100,100,99,100,87,80,82,65,87,100,100
2/08/2019,1:10:05,100,100,100,100,100,100,100,99,100,87,80,82,65,87,100,100
2/08/2019,1:11:05,100,100,100,100,100,100,100,99,100,87,80,82,65,87,100,100
2/08/2019,1:12:05,100,100,100,100,100,100,100,99,100,87,80,82,65,87,100,100
2/08/2019,1:13:05,100,100,100,100,100,100,100,99,100,87,80,82,65,87,100,100
2/08/2019,1:14:05,100,100,100,100,100,100,100,99,100,87,80,82,65,87,100,100
2/08/2019,1:15:05,100,100,100,100,100,100,100,99,100,87,80,82,65,87,100,100
2/08/2019,1:16:05,100,100,100,100,100,100,100,99,100,87,80,81,65,87,100,100
2/08/2019,1:17:05,100,100,100,100,100,100,100,99,100,87,80,81,65,87,100,100
2/08/2019,1:18:05,100,100,100,100,100,100,100,99,100,87,80,81,65,87,100,100
2/08/2019,1:19:05,100,100,100,100,100,100,100,99,100,87,80,81,65,87,100,100
2/08/2019,1:20:05,100,100,100,100,100,100,100,99,100,87,80,81,64,87,100,100
2/08/2019,1:21:05,100,100,100,100,100,100,100,99,100,87,80,81,64,87,100,100
2/08/2019,1:22:05,100,100,100,100,100,100,100,99,100,87,80,81,64,87,100,100
2/08/2019,1:23:05,100,100,100,100,100,100,100,99,100,87,80,81,64,87,100,100
2/08/2019,1:24:05,100,100,100,100,100,100,100,99,100,87,80,81,64,87,100,100
2/08/2019,1:25:05,100,100,100,100,100,100,100,99,100,87,80,81,64,87,100,100
2/08/2019,1:26:05,100,100,100,100,100,100,100,99,100,87,80,81,64,87,100,100
2/08/2019,1:27:05,100,100,100,100,100,100,100,99,100,86,80,81,64,87,100,100
2/08/2019,1:28:05,100,100,100,100,100,100,100,99,100,86,80,81,64,87,100,100
2/08/2019,1:29:05,100,100,100,100,100,100,100,99,100,86,79,81,64,87,100,100
2/08/2019,1:30:05,100,100,100,100,100,100,100,99,100,86,79,80,64,87,100,100
2/08/2019,1:31:05,100,100,100,100,100,100,100,99,100,86,79,80,64,87,100,100
2/08/2019,1:32:05,100,100,100,100,100,100,100,99,100,86,79,80,64,88,100,100
2/08/2019,1:33:05,100,100,100,100,100,100,100,99,100,86,79,80,64,88,100,100
2/08/2019,1:34:05,100,100,100,100,100,100,100,99,100,86,79,80,63,88,100,100
2/08/2019,1:35:05,100,100,100,100,100,100,100,99,100,86,79,80,63,88,100,100
2/08/2019,1:36:05,100,100,100,100,100,100,100,99,100,86,79,80,63,88,100,100
2/08/2019,1:37:05,100,100,100,100,100,100,100,99,100,86,79,80,63,88,100,100
2/08/2019,1:38:05,100,100,100,100,100,100,100,99,100,86,79,80,63,88,100,100
2/08/2019,1:39:05,100,100,100,100,100,100,100,99,100,86,79,80,63,88,100,100
2/08/2019,1:40:05,100,100,100,100,100,100,100,99,100,86,79,80,63,88,100,100
2/08/2019,1:41:05,100,100,100,100,100,100,100,99,100,86,79,80,63,88,100,100
2/08/2019,1:42:05,100,100,100,100,100,100,100,99,100,86,79,80,63,88,100,100
2/08/2019,1:43:05,100,100,100,100,100,100,100,99,100,86,79,80,63,88,100,100
2/08/2019,1:44:05,100,100,100,100,100,100,100,99,100,86,79,80,63,88,100,100
2/08/2019,1:45:05,100,100,100,100,100,100,100,99,100,86,79,79,63,88,100,100
2/08/2019,1:46:05,100,100,100,100,100,100,100,99,100,86,79,79,63,88,100,100
2/08/2019,1:47:05,100,100,100,100,100,100,100,99,100,86,79,79,63,88,100,100
2/08/2019,1:48:05,100,100,100,100,100,100,100,99,100,86,79,79,63,88,100,100
2/08/2019,1:49:05,100,100,100,100,100,100,100,99,100,86,79,79,63,88,100,100
2/08/2019,1:50:05,100,100,100,100,100,100,100,99,100,86,79,79,63,88,100,100
2/08/2019,1:51:05,100,100,100,100,100,100,100,99,100,86,79,79,63,88,100,100
2/08/2019,1:52:05,100,100,100,100,100,100,100,99,100,86,79,79,63,88,100,100
2/08/2019,1:53:05,100,100,100,100,100,100,100,99,100,86,79,79,63,88,100,100
2/08/2019,1:54:05,100,100,100,100,100,100,100,99,100,86,79,79,63,88,100,100
2/08/2019,1:55:05,100,100,100,100,100,100,100,99,100,86,79,79,62,88,100,100
2/08/2019,1:56:05,100,100,100,100,100,100,100,99,100,86,79,79,62,88,100,100
2/08/2019,1:57:05,100,100,100,100,100,100,100,99,100,86,79,79,62,88,100,100
2/08/2019,1:58:05,100,100,100,100,100,100,100,99,100,86,79,79,62,88,100,100
2/08/2019,1:59:05,100,100,100,100,100,100,100,99,100,86,79,79,62,88,100,100
2/08/2019,2:00:05,100,100,100,100,100,100,100,99,100,86,79,79,62,88,100,100
2/08/2019,2:01:05,100,100,100,100,100,100,100,99,100,86,79,79,62,88,100,100
2/08/2019,2:02:05,100,100,100,100,100,100,100,99,100,86,79,78,62,88,100,100
2/08/2019,2:03:05,100,100,100,100,100,100,100,99,100,86,79,78,62,88,100,100
2/08/2019,2:04:05,100,100,100,100,100,100,100,99,100,86,79,78,62,88,100,100
2/08/2019,2:05:05,100,100,100,100,100,100,100,99,100,86,79,78,62,88,100,100
2/08/2019,2:06:05,100,100,100,100,100,100,100,99,100,86,79,78,62,88,100,100
2/08/2019,2:07:05,100,100,100,100,100,100,100,99,100,86,79,78,62,88,100,100
2/08/2019,2:08:05,100,100,100,100,100,100,100,99,100,86,79,78,62,88,100,100
2/08/2019,2:09:05,100,100,100,100,100,100,100,99,100,86,79,78,62,88,100,100
2/08/2019,2:10:05,100,100,100,100,100,100,100,99,100,86,79,78,62,88,100,100
2/08/2019,2:11:05,100,100,100,100,100,100,100,99,100,86,79,78,62,88,100,100
2/08/2019,2:12:05,100,100,100,100,100,100,100,99,100,86,79,78,62,88,100,100
2/08/2019,2:13:05,100,100,100,100,100,100,100,99,100,86,79,78,62,88,100,100
2/08/2019,2:14:05,100,100,100,100,100,100,100,99,100,86,79,78,62,88,100,100
2/08/2019,2:15:05,100,100,100,100,100,100,100,99,100,86,79,78,61,88,100,100
2/08/2019,2:16:05,100,100,100,100,100,100,100,99,100,86,79,78,61,88,100,100
2/08/2019,2:17:05,100,100,100,100,100,100,100,99,100,86,79,78,61,88,100,100
2/08/2019,2:18:05,100,100,100,100,100,100,100,99,100,86,79,77,61,88,100,100
2/08/2019,2:19:05,100,100,100,100,100,100,100,99,100,86,78,77,61,88,100,100
2/08/2019,2:20:05,100,100,100,100,100,100,100,99,100,86,78,77,61,88,100,100
2/08/2019,2:21:05,100,100,100,100,100,100,100,99,100,86,78,77,61,89,100,100
2/08/2019,2:22:05,100,100,100,100,100,100,100,99,100,86,78,77,61,89,100,100
2/08/2019,2:23:05,100,100,100,100,100,100,100,99,100,86,78,77,61,89,100,100
2/08/2019,2:24:05,100,100,100,100,100,100,100,99,100,86,78,77,61,89,100,100
2/08/2019,2:25:05,100,100,100,100,100,100,100,99,100,86,78,77,61,89,100,100
2/08/2019,2:26:05,100,100,100,100,100,100,100,99,100,86,78,77,61,89,100,100
2/08/2019,2:27:05,100,100,100,100,100,100,100,99,100,86,78,77,61,89,100,100
2/08/2019,2:28:05,100,100,100,100,100,100,100,99,100,86,78,77,61,89,100,100
2/08/2019,2:29:05,100,100,100,100,100,100,100,99,100,86,78,77,61,89,100,100
2/08/2019,2:30:05,100,100,100,100,100,100,100,99,100,86,78,77,61,89,100,100
2/08/2019,2:31:05,100,100,100,100,100,100,100,99,100,86,78,77,61,89,100,100
2/08/2019,2:32:05,100,100,100,100,100,100,100,99,100,86,78,77,61,89,100,100
2/08/2019,2:33:05,100,100,100,100,100,100,100,99,100,86,78,77,60,89,100,100
2/08/2019,2:34:05,100,100,100,100,100,100,100,99,100,86,78,77,60,89,100,100
2/08/2019,2:35:05,100,100,100,100,100,100,100,99,100,86,78,76,60,89,100,100
2/08/2019,2:36:05,100,100,100,100,100,100,100,99,100,86,78,76,60,89,100,100
2/08/2019,2:37:05,100,100,100,100,100,100,100,99,100,86,78,76,60,89,100,100
2/08/2019,2:38:05,100,100,100,100,100,100,100,99,100,86,78,76,60,89,100,100
2/08/2019,2:39:05,100,100,100,100,100,100,100,99,100,86,78,76,60,89,100,100
2/08/2019,2:40:05,100,100,100,100,100,100,100,99,100,86,78,76,60,89,100,100
2/08/2019,2:41:05,100,100,100,100,100,100,100,99,100,86,78,76,60,89,100,100
2/08/2019,2:42:05,100,100,100,100,100,100,100,99,100,86,78,76,60,89,100,100
2/08/2019,2:43:05,100,100,100,100,100,100,100,99,100,86,78,76,60,89,100,100
2/08/2019,2:44:05,100,100,100,100,100,100,100,99,100,86,78,76,60,89,100,100
2/08/2019,2:45:05,100,100,100,100,100,100,100,99,100,86,78,76,60,89,100,100
2/08/2019,2:46:05,100,100,100,100,100,100,100,99,100,86,78,76,60,89,100,100
2/08/2019,2:47:05,100,100,100,100,100,100,100,99,100,86,78,76,60,89,100,100
2/08/2019,2:48:05,100,100,100,100,100,100,100,99,100,86,78,76,60,89,100,100
2/08/2019,2:49:05,100,100,100,100,100,100,100,99,100,86,78,76,60,89,100,100
2/08/2019,2:50:05,100,100,100,100,100,100,100,99,100,86,78,76,60,89,100,100
2/08/2019,2:51:05,100,100,100,100,100,100,100,99,100,86,78,75,60,89,100,100
2/08/2019,2:52:05,100,100,100,100,100,100,100,99,100,86,78,75,59,89,100,100
2/08/2019,2:53:05,100,100,100,100,100,100,100,99,100,86,78,75,59,89,100,100
2/08/2019,2:54:05,100,100,100,100,100,100,100,99,100,86,78,75,59,89,100,100
2/08/2019,2:55:05,100,100,100,100,100,100,100,99,100,86,78,75,59,89,100,100
2/08/2019,2:56:05,100,100,100,100,100,100,100,99,100,86,78,75,59,89,100,100
2/08/2019,2:57:05,100,100,100,100,100,100,100,99,100,86,78,75,59,89,100,100
2/08/2019,2:58:05,100,100,100,100,100,100,100,99,100,86,78,75,59,89,100,100
2/08/2019,2:59:05,100,100,100,100,100,100,100,99,100,86,78,75,59,89,100,100
2/08/2019,3:00:05,100,100,100,100,100,100,100,99,100,86,78,75,59,89,100,100
2/08/2019,3:01:05,100,100,100,100,100,100,100,99,100,86,78,75,59,89,100,100
2/08/2019,3:02:05,100,100,100,100,100,100,100,99,100,86,78,75,59,89,100,100
2/08/2019,3:03:05,100,100,100,100,100,100,100,99,100,86,78,75,59,89,100,100
2/08/2019,3:04:05,100,100,100,100,100,100,100,99,100,86,78,75,59,89,100,100
2/08/2019,3:05:05,100,100,100,100,100,100,100,99,100,86,78,75,59,89,100,100
2/08/2019,3:06:05,100,100,100,100,100,100,100,99,100,86,77,75,59,89,100,100
2/08/2019,3:07:05,100,100,100,100,100,100,100,99,100,86,77,75,59,89,100,100
2/08/2019,3:08:05,100,100,100,100,100,100,100,99,100,86,77,75,59,89,100,100
2/08/2019,3:09:05,100,100,100,100,100,100,100,99,100,86,77,75,59,89,100,100
2/08/2019,3:10:05,100,100,100,100,100,100,100,99,100,86,77,75,59,89,100,100
2/08/2019,3:11:05,100,100,100,100,100,100,100,99,100,85,77,74,59,89,100,100
2/08/2019,3:12:05,100,100,100,100,100,100,100,99,100,85,77,74,58,89,100,100
2/08/2019,3:13:05,100,100,100,100,100,100,100,99,100,85,77,74,58,89,100,100
2/08/2019,3:14:05,100,100,100,100,100,100,100,99,100,85,77,74,58,89,100,100
2/08/2019,3:15:05,100,100,100,100,100,100,100,99,100,85,77,74,58,89,100,100
2/08/2019,3:16:05,100,100,100,100,100,100,100,99,100,85,77,74,58,89,100,100
2/08/2019,3:17:05,100,100,100,100,100,100,100,99,100,85,77,74,58,89,100,100
2/08/2019,3:18:05,100,100,100,100,100,100,100,99,100,85,77,74,58,89,100,100
2/08/2019,3:19:05,100,100,100,100,100,100,100,99,100,85,77,74,58,89,100,100
2/08/2019,3:20:05,100,100,100,100,100,100,100,99,100,85,77,74,58,90,100,100
2/08/2019,3:21:05,100,100,100,100,100,100,100,99,100,85,77,74,58,90,100,100
2/08/2019,3:22:05,100,100,100,100,100,100,100,99,100,85,77,74,58,90,100,100
2/08/2019,3:23:05,100,100,100,100,100,100,100,99,100,85,77,74,58,90,100,100
2/08/2019,3:24:05,100,100,100,100,100,100,100,99,100,85,77,74,58,90,100,100
2/08/2019,3:25:05,100,100,100,100,100,100,100,99,100,85,77,74,58,90,100,100
2/08/2019,3:26:05,100,100,100,100,100,100,100,99,100,85,77,74,58,90,100,100
2/08/2019,3:27:05,100,100,100,100,100,100,100,99,100,85,77,74,58,90,100,100
2/08/2019,3:28:05,100,100,100,100,100,100,100,99,100,85,77,74,58,90,100,100
2/08/2019,3:29:05,100,100,100,100,100,100,100,99,100,85,77,74,58,90,100,100
2/08/2019,3:30:05,100,100,100,100,100,100,100,99,100,85,77,74,58,90,100,100
2/08/2019,3:31:05,100,100,100,100,100,100,100,99,100,85,77,74,58,90,100,100
2/08/2019,3:32:05,100,100,100,100,100,100,100,99,100,85,77,74,58,90,100,100
2/08/2019,3:33:05,100,100,100,100,100,100,100,99,100,85,77,74,58,90,100,100
2/08/2019,3:34:05,100,100,100,100,100,100,100,99,100,85,77,73,58,90,100,100
2/08/2019,3:35:05,100,100,100,100,100,100,100,99,100,85,77,73,58,90,100,100
2/08/2019,3:36:05,100,100,100,100,100,100,100,99,100,85,77,73,58,90,100,100
2/08/2019,3:37:05,100,100,100,100,100,100,100,99,100,85,77,73,58,90,100,100
2/08/2019,3:38:05,100,100,100,100,100,100,100,99,100,85,77,73,58,90,100,100
2/08/2019,3:39:05,100,100,100,100,100,100,100,99,100,85,77,73,58,90,100,100
2/08/2019,3:40:05,100,100,100,100,100,100,100,99,100,85,77,73,58,90,100,100
2/08/2019,3:41:05,100,100,100,100,100,100,100,99,100,85,77,73,58,90,100,100
2/08/2019,3:42:05,100,100,100,100,100,100,100,99,100,85,77,73,58,90,100,100
2/08/2019,3:43:05,100,100,100,100,100,100,100,99,100,85,77,73,58,90,100,100
2/08/2019,3:44:05,100,100,100,100,100,100,100,99,100,85,77,73,58,90,100,100
2/08/2019,3:45:05,100,100,100,100,100,100,100,99,100,85,76,73,58,90,100,100
2/08/2019,3:46:05,100,100,100,100,100,100,100,99,100,85,76,73,58,90,100,100
2/08/2019,3:47:05,100,100,100,100,100,100,100,99,100,85,76,73,58,90,100,100
2/08/2019,3:48:05,100,100,100,100,100,100,100,99,100,85,76,74,58,90,100,100
2/08/2019,3:49:05,100,100,100,100,100,100,100,99,100,85,76,74,58,90,100,100
2/08/2019,3:50:05,100,100,100,100,100,100,100,99,100,85,76,74,58,90,100,100
2/08/2019,3:51:05,100,100,100,100,100,100,100,99,100,85,76,74,58,90,100,100
2/08/2019,3:52:05,100,100,100,100,100,100,100,99,100,85,76,74,58,90,100,100
2/08/2019,3:53:05,100,100,100,100,100,100,100,99,100,85,76,74,58,90,100,100
2/08/2019,3:54:05,100,100,100,100,100,100,100,99,100,85,76,74,58,90,100,100
2/08/2019,3:55:05,100,100,100,100,100,100,100,99,100,85,76,74,58,90,100,100
2/08/2019,3:56:05,100,100,100,100,100,100,100,99,100,85,76,74,58,90,100,100
2/08/2019,3:57:05,100,100,100,100,100,100,100,99,100,85,76,74,58,90,100,100
2/08/2019,3:58:05,100,100,100,100,100,100,100,99,100,85,76,74,58,90,100,100
2/08/2019,3:59:05,100,100,100,100,100,100,100,99,100,85,76,74,58,90,100,100
2/08/2019,4:00:05,100,100,100,100,100,100,100,99,100,85,76,74,58,90,100,100
2/08/2019,4:01:05,100,100,100,100,100,100,100,99,100,85,76,74,58,90,100,100
2/08/2019,4:02:05,100,100,100,100,100,100,100,99,100,85,76,74,58,90,100,100
2/08/2019,4:03:05,100,100,100,100,100,100,100,99,100,85,76,74,58,90,100,100
2/08/2019,4:04:05,100,100,100,100,100,100,100,99,100,85,76,74,58,90,100,100
2/08/2019,4:05:05,100,100,100,100,100,100,100,99,100,85,76,74,58,90,100,100
2/08/2019,4:06:05,100,100,100,100,100,100,100,99,100,85,76,74,58,90,100,100
2/08/2019,4:07:05,100,100,100,100,100,100,100,99,100,85,76,74,58,90,100,100
2/08/2019,4:08:05,100,100,100,100,100,100,100,99,100,85,76,74,58,90,100,100
2/08/2019,4:09:05,100,100,100,100,100,100,100,99,100,85,76,74,58,90,100,100
2/08/2019,4:10:05,100,100,100,100,100,100,100,99,100,85,76,74,58,90,100,100
2/08/2019,4:11:05,100,100,100,100,100,100,100,99,100,85,76,74,58,90,100,100
2/08/2019,4:12:05,100,100,100,100,100,100,100,99,100,85,76,74,58,90,100,100
2/08/2019,4:13:05,100,100,100,100,100,100,100,99,100,85,76,74,58,90,100,100
2/08/2019,4:14:05,100,100,100,100,100,100,100,99,100,85,76,74,58,90,100,100
2/08/2019,4:15:05,100,100,100,100,100,100,100,99,100,85,76,74,58,90,100,100
2/08/2019,4:16:05,100,100,100,100,100,100,100,99,100,85,76,74,58,90,100,100
2/08/2019,4:17:05,100,100,100,100,100,100,100,99,100,85,76,74,58,90,100,100
2/08/2019,4:18:05,100,100,100,100,100,100,100,99,100,85,76,74,58,90,100,100
2/08/2019,4:19:05,100,100,100,100,100,100,100,99,100,85,76,74,58,90,100,100
2/08/2019,4:20:05,100,100,100,100,100,100,100,99,100,85,76,74,58,90,100,100
2/08/2019,4:21:05,100,100,100,100,100,100,100,99,100,85,76,74,58,90,100,100
2/08/2019,4:22:05,100,100,100,100,100,100,100,99,100,85,76,74,58,90,100,100
2/08/2019,4:23:05,100,100,100,100,100,100,100,99,100,85,76,74,58,90,100,100
2/08/2019,4:24:05,100,100,100,100,100,100,100,99,100,85,76,74,58,90,100,100
2/08/2019,4:25:05,100,100,100,100,100,100,100,99,100,85,76,73,58,90,100,100
2/08/2019,4:26:05,100,100,100,100,100,100,100,99,100,85,76,74,58,90,100,100
2/08/2019,4:27:05,100,100,100,100,100,100,100,99,100,85,76,74,58,90,100,100
2/08/2019,4:28:05,100,100,100,100,100,100,100,99,100,85,76,74,58,90,100,100
2/08/2019,4:29:05,100,100,100,100,100,100,100,99,100,85,76,74,58,90,100,100
2/08/2019,4:30:05,100,100,100,100,100,100,100,99,100,85,76,74,58,90,100,100
2/08/2019,4:31:05,100,100,100,100,100,100,100,99,100,85,76,73,58,90,100,100
2/08/2019,4:32:05,100,100,100,100,100,100,100,99,100,85,76,73,58,91,100,100
2/08/2019,4:33:05,100,100,100,100,100,100,100,99,100,85,76,73,58,91,100,100
2/08/2019,4:34:05,100,100,100,100,100,100,100,99,100,85,76,73,58,91,100,100
2/08/2019,4:35:05,100,100,100,100,100,100,100,99,100,85,76,73,58,91,100,100
2/08/2019,4:36:05,100,100,100,100,100,100,100,99,100,85,76,73,58,91,100,100
2/08/2019,4:37:05,100,100,100,100,100,100,100,99,100,85,76,73,58,91,100,100
2/08/2019,4:38:05,100,100,100,100,100,100,100,99,100,85,76,73,58,91,100,100
2/08/2019,4:39:05,100,100,100,100,100,100,100,99,100,85,76,73,58,91,100,100
2/08/2019,4:40:05,100,100,100,100,100,100,100,99,100,85,76,73,58,91,100,100
2/08/2019,4:41:05,100,100,100,100,100,100,100,99,100,85,76,73,58,91,100,100
2/08/2019,4:42:05,100,100,100,100,100,100,100,99,100,85,76,73,58,91,100,100
2/08/2019,4:43:05,100,100,100,100,100,100,100,99,100,85,76,73,58,91,100,100
2/08/2019,4:44:05,100,100,100,100,100,100,100,99,100,85,76,73,58,91,100,100
2/08/2019,4:45:05,100,100,100,100,100,100,100,99,100,85,76,73,58,91,100,100
2/08/2019,4:46:05,100,100,100,100,100,100,100,99,100,85,76,73,58,91,100,100
2/08/2019,4:47:05,100,100,100,100,100,100,100,99,100,85,76,73,58,91,100,100
2/08/2019,4:48:05,100,100,100,100,100,100,100,99,100,85,76,73,58,91,100,100
2/08/2019,4:49:05,100,100,100,100,100,100,100,99,100,85,76,73,58,91,100,100
2/08/2019,4:50:05,100,100,100,100,100,100,100,99,100,85,75,73,58,91,100,100
2/08/2019,4:51:05,100,100,100,100,100,100,100,99,100,85,75,73,58,91,100,100
2/08/2019,4:52:05,100,100,100,100,100,100,100,99,100,85,75,73,58,91,100,100
2/08/2019,4:53:05,100,100,100,100,100,100,100,99,100,85,75,73,58,91,100,100
2/08/2019,4:54:05,100,100,100,100,100,100,100,99,100,85,75,73,58,91,100,100
2/08/2019,4:55:05,100,100,100,100,100,100,100,99,100,85,75,73,58,91,100,100
2/08/2019,4:56:05,100,100,100,100,100,100,100,99,100,85,75,73,58,91,100,100
2/08/2019,4:57:05,100,100,100,100,100,100,100,99,100,85,75,73,58,91,100,100
2/08/2019,4:58:05,100,100,100,100,100,100,100,99,100,85,75,73,58,91,100,100
2/08/2019,4:59:05,100,100,100,100,100,100,100,99,100,85,75,73,58,91,100,100
2/08/2019,5:00:05,100,100,100,100,100,100,100,99,100,85,75,73,58,91,100,100
2/08/2019,5:01:05,100,100,100,100,100,100,100,99,100,85,75,73,58,91,100,100
2/08/2019,5:02:05,100,100,100,100,100,100,100,99,100,85,75,73,58,91,100,100
2/08/2019,5:03:05,100,100,100,100,100,100,100,99,100,85,75,73,58,91,100,100
2/08/2019,5:04:05,100,100,100,100,100,100,100,99,100,85,75,73,58,91,100,100
2/08/2019,5:05:05,100,100,100,100,100,100,100,99,100,85,75,73,58,91,100,100
2/08/2019,5:06:05,100,100,100,100,100,100,100,99,100,85,75,73,58,91,100,100
2/08/2019,5:07:05,100,100,100,100,100,100,100,99,100,85,75,73,58,91,100,100
2/08/2019,5:08:05,100,100,100,100,100,100,100,99,100,85,75,73,58,91,100,100
2/08/2019,5:09:05,100,100,100,100,100,100,100,99,100,85,75,73,58,91,100,100
2/08/2019,5:10:05,100,100,100,100,100,100,100,99,100,85,75,73,58,91,100,100
2/08/2019,5:11:05,100,100,100,100,100,100,100,99,100,85,75,73,58,91,100,100
2/08/2019,5:12:05,100,100,100,100,100,100,100,99,100,85,75,73,58,91,100,100
2/08/2019,5:13:05,100,100,100,100,100,100,100,99,100,85,75,73,58,91,100,100
2/08/2019,5:14:05,100,100,100,100,100,100,100,99,100,85,75,73,58,91,100,100
2/08/2019,5:15:05,100,100,100,100,100,100,100,99,100,85,75,73,58,91,100,100
2/08/2019,5:16:05,100,100,100,100,100,100,100,99,100,85,75,73,58,91,100,100
2/08/2019,5:17:05,100,100,100,100,100,100,100,99,100,85,75,73,58,91,100,100
2/08/2019,5:18:05,100,100,100,100,100,100,100,99,100,85,75,72,58,91,100,100
2/08/2019,5:19:05,100,100,100,100,100,100,100,99,100,85,75,72,58,91,100,100
2/08/2019,5:20:05,100,100,100,100,100,100,100,99,100,85,75,72,58,91,100,100
2/08/2019,5:21:05,100,100,100,100,100,100,100,99,100,85,75,72,58,91,100,100
2/08/2019,5:22:05,100,100,100,100,100,100,100,99,100,85,75,72,58,91,100,100
2/08/2019,5:23:05,100,100,100,100,100,100,100,99,100,84,75,72,58,91,100,100
2/08/2019,5:24:05,100,100,100,100,100,100,100,99,100,84,75,72,58,91,100,100
2/08/2019,5:25:05,100,100,100,100,100,100,100,99,100,84,75,72,58,91,100,100
2/08/2019,5:26:05,100,100,100,100,100,100,100,99,100,84,75,72,58,91,100,100
2/08/2019,5:27:05,100,100,100,100,100,100,100,99,100,84,75,72,58,91,100,100
2/08/2019,5:28:05,100,100,100,100,100,100,100,99,100,84,75,72,58,91,100,100
2/08/2019,5:29:05,100,100,100,100,100,100,100,99,100,84,75,72,58,91,100,100
2/08/2019,5:30:05,100,100,100,100,100,100,100,99,100,84,75,72,58,91,100,100
2/08/2019,5:31:05,100,100,100,100,100,100,100,99,100,84,75,72,58,91,100,100
2/08/2019,5:32:05,100,100,100,100,100,100,100,99,100,84,75,72,58,91,100,100
2/08/2019,5:33:05,100,100,100,100,100,100,100,99,100,84,75,72,58,91,100,100
2/08/2019,5:34:05,100,100,100,100,100,100,100,99,100,84,75,72,58,91,100,100
2/08/2019,5:35:05,100,100,100,100,100,100,100,99,100,84,75,72,58,91,100,100
2/08/2019,5:36:05,100,100,100,100,100,100,100,99,100,84,75,72,58,91,100,100
2/08/2019,5:37:05,100,100,100,100,100,100,100,99,100,84,75,72,58,91,100,100
2/08/2019,5:38:05,100,100,100,100,100,100,100,99,100,84,75,72,58,91,100,100
2/08/2019,5:39:05,100,100,100,100,100,100,100,99,100,84,75,72,58,91,100,100
2/08/2019,5:40:05,100,100,100,100,100,100,100,99,100,84,75,72,58,91,100,100
2/08/2019,5:41:05,100,100,100,100,100,100,100,99,100,84,75,72,58,91,100,100
2/08/2019,5:42:05,100,100,100,100,100,100,100,99,100,84,75,72,57,91,100,100
2/08/2019,5:43:05,100,100,100,100,100,100,100,99,100,84,75,72,57,91,100,100
2/08/2019,5:44:05,100,100,100,100,100,100,100,99,100,84,75,72,57,91,100,100
2/08/2019,5:45:05,100,100,100,100,100,100,100,99,100,84,75,72,57,91,100,100
2/08/2019,5:46:05,100,100,100,100,100,100,100,99,100,84,75,72,57,91,100,100
2/08/2019,5:47:05,100,100,100,100,100,100,100,99,100,84,75,72,57,91,100,100
2/08/2019,5:48:05,100,100,100,100,100,100,100,99,100,84,75,72,57,91,100,100
2/08/2019,5:49:05,100,100,100,100,100,100,100,99,100,84,75,72,57,91,100,100
2/08/2019,5:50:05,100,100,100,100,100,100,100,99,100,84,75,72,57,91,100,100
2/08/2019,5:51:05,100,100,100,100,100,100,100,99,100,84,75,72,57,91,100,100
2/08/2019,5:52:05,100,100,100,100,100,100,100,99,100,84,75,72,57,91,100,100
2/08/2019,5:53:05,100,100,100,100,100,100,100,99,100,84,75,72,57,91,100,100
2/08/2019,5:54:05,100,100,100,100,100,100,100,99,100,84,75,72,57,91,100,100
2/08/2019,5:55:05,100,100,100,100,100,100,100,99,100,84,75,72,57,91,100,100
2/08/2019,5:56:05,100,100,100,100,100,100,100,99,100,84,75,72,57,91,100,100
2/08/2019,5:57:05,100,100,100,100,100,100,100,99,100,84,75,72,57,91,100,100
2/08/2019,5:58:05,100,100,100,100,100,100,100,99,100,84,75,72,57,91,100,100
2/08/2019,5:59:05,100,100,100,100,100,100,100,99,100,84,75,72,57,91,100,100
2/08/2019,6:00:05,100,100,100,100,100,100,100,99,100,84,75,72,57,91,100,100
2/08/2019,6:01:05,100,100,100,100,100,100,100,99,100,84,75,72,57,91,100,100
2/08/2019,6:02:05,100,100,100,100,100,100,100,99,100,84,75,72,57,91,100,100
2/08/2019,6:03:05,100,100,100,100,100,100,100,99,100,84,75,72,57,92,100,100
2/08/2019,6:04:05,100,100,100,100,100,100,100,99,100,84,75,72,57,92,100,100
2/08/2019,6:05:05,100,100,100,100,100,100,100,99,100,84,75,72,57,92,100,100
2/08/2019,6:06:05,100,100,100,100,100,100,100,99,100,84,75,72,57,92,100,100
2/08/2019,6:07:05,100,100,100,100,100,100,100,99,100,84,75,72,57,92,100,100
2/08/2019,6:08:05,100,100,100,100,100,100,100,99,100,84,75,72,57,92,100,100
2/08/2019,6:09:05,100,100,100,100,100,100,100,99,100,84,75,72,57,92,100,100
2/08/2019,6:10:05,100,100,100,100,100,100,100,99,100,84,75,72,57,92,100,100
2/08/2019,6:11:05,100,100,100,100,100,100,100,99,100,84,75,72,57,92,100,100
2/08/2019,6:12:05,100,100,100,100,100,100,100,99,100,84,75,72,57,92,100,100
2/08/2019,6:13:05,100,100,100,100,100,100,100,99,100,84,75,72,57,92,100,100
2/08/2019,6:14:05,100,100,100,100,100,100,100,99,100,84,75,71,57,92,100,100
2/08/2019,6:15:05,100,100,100,100,100,100,100,99,100,84,75,71,57,92,100,100
2/08/2019,6:16:05,100,100,100,100,100,100,100,99,100,84,75,71,57,92,100,100
2/08/2019,6:17:05,100,100,100,100,100,100,100,99,100,84,75,71,57,92,100,100
2/08/2019,6:18:05,100,100,100,100,100,100,100,99,100,84,75,71,58,92,100,100
2/08/2019,6:19:05,100,100,100,100,100,100,100,99,100,84,75,71,57,92,100,100
2/08/2019,6:20:05,100,100,100,100,100,100,100,99,100,84,75,71,58,92,100,100
2/08/2019,6:21:05,100,100,100,100,100,100,100,99,100,84,75,71,58,92,100,100
2/08/2019,6:22:05,100,100,100,100,100,100,100,99,100,84,75,71,57,92,100,100
2/08/2019,6:23:05,100,100,100,100,100,100,100,99,100,84,74,71,57,92,100,100
2/08/2019,6:24:05,100,100,100,100,100,100,100,99,100,84,74,71,57,92,100,100
2/08/2019,6:25:05,100,100,100,100,100,100,100,99,100,84,74,71,57,92,100,100
2/08/2019,6:26:05,100,100,100,100,100,100,100,99,100,84,74,71,57,92,100,100
2/08/2019,6:27:05,100,100,100,100,100,100,100,99,100,84,74,71,57,92,100,100
2/08/2019,6:28:05,100,100,100,100,100,100,100,99,100,84,74,71,57,92,100,100
2/08/2019,6:29:05,100,100,100,100,100,100,100,99,100,84,74,71,57,92,100,100
2/08/2019,6:30:05,100,100,100,100,100,100,100,99,100,84,74,71,57,92,100,100
2/08/2019,6:31:05,100,100,100,100,100,100,100,99,100,84,74,71,57,92,100,100
2/08/2019,6:32:05,100,100,100,100,100,100,100,99,100,84,74,71,57,92,100,100
2/08/2019,6:33:05,100,100,100,100,100,100,100,99,100,84,74,71,57,92,100,100
2/08/2019,6:34:05,100,100,100,100,100,100,100,99,100,84,74,71,57,92,100,100
2/08/2019,6:35:05,100,100,100,100,100,100,100,99,100,84,74,71,57,92,100,100
2/08/2019,6:36:05,100,100,100,100,100,100,100,99,100,84,74,71,57,92,100,100
2/08/2019,6:37:05,100,100,100,100,100,100,100,99,100,84,74,71,57,92,100,100
2/08/2019,6:38:05,100,100,100,100,100,100,100,99,100,84,74,71,57,92,100,100
2/08/2019,6:39:05,100,100,100,100,100,100,100,99,100,84,74,71,57,92,100,100
2/08/2019,6:40:05,100,100,100,100,100,100,100,99,100,84,74,71,57,92,100,100
2/08/2019,6:41:05,100,100,100,100,100,100,100,99,100,84,74,71,57,92,100,100
2/08/2019,6:42:05,100,100,100,100,100,100,100,99,100,84,74,71,57,92,100,100
2/08/2019,6:43:05,100,100,100,100,100,100,100,99,100,84,74,71,57,92,100,100
2/08/2019,6:44:05,100,100,100,100,100,100,100,99,100,84,74,71,57,92,100,100
2/08/2019,6:45:05,100,100,100,100,100,100,100,99,100,84,74,71,57,92,100,100
2/08/2019,6:46:05,100,100,100,100,100,100,100,99,100,84,74,71,57,92,100,100
2/08/2019,6:47:05,100,100,100,100,100,100,100,99,100,84,74,71,57,92,100,100
2/08/2019,6:48:05,100,100,100,100,100,100,100,99,100,84,74,71,57,92,100,100
2/08/2019,6:49:05,100,100,100,100,100,100,100,99,100,84,74,71,57,92,100,100
2/08/2019,6:50:05,100,100,100,100,100,100,100,99,100,84,74,71,57,92,100,100
2/08/2019,6:51:05,100,100,100,100,100,100,100,99,100,84,74,71,57,92,100,100
2/08/2019,6:52:05,100,100,100,100,100,100,100,99,100,84,74,71,57,92,100,100
2/08/2019,6:53:05,100,100,100,100,100,100,100,99,100,84,74,71,57,92,100,100
2/08/2019,6:54:05,100,100,100,100,100,100,100,99,100,84,74,71,57,92,100,100
2/08/2019,6:55:05,100,100,100,100,100,100,100,99,100,84,74,71,57,92,100,100
2/08/2019,6:56:05,100,100,100,100,100,100,100,99,100,84,74,71,57,92,100,100
2/08/2019,6:57:05,100,100,100,100,100,100,100,99,100,84,74,71,57,92,100,100
2/08/2019,6:58:05,100,100,100,100,100,100,100,99,100,84,74,71,57,92,100,100
2/08/2019,6:59:05,100,100,100,100,100,100,100,99,100,84,74,71,57,92,100,100
2/08/2019,7:00:05,100,100,100,100,100,100,100,99,100,84,74,71,57,92,100,100
2/08/2019,7:01:05,100,100,100,100,100,100,100,99,100,84,74,71,57,92,100,100
2/08/2019,7:02:05,100,100,100,100,100,100,100,99,100,84,74,71,57,92,100,100
2/08/2019,7:03:05,100,100,100,100,100,100,100,99,100,83,74,71,57,92,100,100
2/08/2019,7:04:05,100,100,100,100,100,100,100,99,100,83,74,71,57,92,100,100
2/08/2019,7:05:05,100,100,100,100,100,100,100,99,100,83,74,71,57,92,100,100
2/08/2019,7:06:05,100,100,100,100,100,100,100,99,100,83,74,71,57,92,100,100
2/08/2019,7:07:05,100,100,100,100,100,100,100,99,100,83,74,71,57,92,100,100
2/08/2019,7:08:05,100,100,100,100,100,100,100,99,100,83,74,71,57,92,100,100
2/08/2019,7:09:05,100,100,100,100,100,100,100,99,100,83,74,71,57,92,100,100
2/08/2019,7:10:05,100,100,100,100,100,100,100,99,100,83,74,71,57,92,100,100
2/08/2019,7:11:05,100,100,100,100,100,100,100,99,100,83,74,71,57,92,100,100
2/08/2019,7:12:05,100,100,100,100,100,100,100,99,100,83,74,71,57,92,100,100
2/08/2019,7:13:05,100,100,100,100,100,100,100,99,100,83,74,71,57,92,100,100
2/08/2019,7:14:05,100,100,100,100,100,100,100,99,100,83,74,71,57,92,100,100
2/08/2019,7:15:05,100,100,100,100,100,100,100,99,100,83,74,71,57,92,100,100
2/08/2019,7:16:05,100,100,100,100,100,100,100,99,100,83,74,71,57,92,100,100
2/08/2019,7:17:05,100,100,100,100,100,100,100,99,100,83,74,71,57,92,100,100
2/08/2019,7:18:05,100,100,100,100,100,100,100,99,100,83,74,71,57,92,100,100
2/08/2019,7:19:05,100,100,100,100,100,100,100,99,100,83,74,71,57,92,100,100
2/08/2019,7:20:05,100,100,100,100,100,100,100,99,100,83,74,70,57,92,100,100
2/08/2019,7:21:05,100,100,100,100,100,100,100,99,100,83,74,70,57,92,100,100
2/08/2019,7:22:05,100,100,100,100,100,100,100,99,100,83,74,70,57,92,100,100
2/08/2019,7:23:05,100,100,100,100,100,100,100,99,100,83,74,70,57,92,100,100
2/08/2019,7:24:05,100,100,100,100,100,100,100,99,100,83,74,70,57,92,100,100
2/08/2019,7:25:05,100,100,100,100,100,100,100,99,100,83,74,70,57,92,100,100
2/08/2019,7:26:05,100,100,100,100,100,100,100,99,100,83,74,70,57,92,100,100
2/08/2019,7:27:05,100,100,100,100,100,100,100,99,100,83,74,70,57,92,100,100
2/08/2019,7:28:05,100,100,100,100,100,100,100,99,100,83,74,70,57,92,100,100
2/08/2019,7:29:05,100,100,100,100,100,100,100,99,100,83,74,70,57,92,100,100
2/08/2019,7:30:05,100,100,100,100,100,100,100,99,100,83,74,70,57,92,100,100
2/08/2019,7:31:05,100,100,100,100,100,100,100,99,100,83,74,70,57,92,100,100
2/08/2019,7:32:05,100,100,100,100,100,100,100,99,100,83,74,70,57,92,100,100
2/08/2019,7:33:05,100,100,100,100,100,100,100,99,100,83,74,70,57,92,100,100
2/08/2019,7:34:05,100,100,100,100,100,100,100,99,100,83,74,70,57,92,100,100
2/08/2019,7:35:05,100,100,100,100,100,100,100,99,100,83,74,70,57,92,100,100
2/08/2019,7:36:05,100,100,100,100,100,100,100,99,100,83,74,70,57,92,100,100
2/08/2019,7:37:05,100,100,100,100,100,100,100,99,100,83,74,70,57,92,100,100
2/08/2019,7:38:05,100,100,100,100,100,100,100,99,100,83,74,70,57,92,100,100
2/08/2019,7:39:05,100,100,100,100,100,100,100,99,100,83,74,70,57,92,100,100
2/08/2019,7:40:05,100,100,100,100,100,100,100,99,100,83,74,70,57,92,100,100
2/08/2019,7:41:05,100,100,100,100,100,100,100,99,100,83,74,70,57,92,100,100
2/08/2019,7:42:05,100,100,100,100,100,100,100,99,100,83,74,70,57,92,100,100
2/08/2019,7:43:05,100,100,100,100,100,100,100,99,100,83,74,70,57,92,100,100
2/08/2019,7:44:05,100,100,100,100,100,100,100,99,100,83,74,70,57,92,100,100
2/08/2019,7:45:05,100,100,100,100,100,100,100,99,100,83,74,70,57,92,100,100
2/08/2019,7:46:05,100,100,100,100,100,100,100,99,100,83,74,70,57,92,100,100
2/08/2019,7:47:05,100,100,100,100,100,100,100,99,100,83,74,70,57,92,100,100
2/08/2019,7:48:05,100,100,100,100,100,100,100,99,100,83,74,70,57,92,100,100
2/08/2019,7:49:05,100,100,100,100,100,100,100,99,100,83,74,70,57,92,100,100
2/08/2019,7:50:05,100,100,100,100,100,100,100,99,100,83,74,70,57,92,100,100
2/08/2019,7:51:05,100,100,100,100,100,100,100,99,100,83,74,70,57,92,100,100
2/08/2019,7:52:05,100,100,100,100,100,100,100,99,100,83,74,70,57,92,100,100
2/08/2019,7:53:05,100,100,100,100,100,100,100,99,100,83,74,70,57,92,100,100
2/08/2019,7:54:05,100,100,100,100,100,100,100,99,100,83,74,70,57,92,100,100
2/08/2019,7:55:05,100,100,100,100,100,100,100,99,100,83,74,70,57,92,100,100
2/08/2019,7:56:05,100,100,100,100,100,100,100,99,100,83,74,70,57,92,100,100
2/08/2019,7:57:05,100,100,100,100,100,100,100,99,100,83,74,70,57,92,100,100
2/08/2019,7:58:05,100,100,100,100,100,100,100,99,100,83,74,70,57,92,100,100
2/08/2019,7:59:05,100,100,100,100,100,100,100,99,100,83,74,70,57,93,100,100
2/08/2019,8:00:05,100,100,100,100,100,100,100,99,100,83,74,70,57,93,100,100
2/08/2019,8:01:05,100,100,100,100,100,100,100,99,100,83,74,70,57,93,100,100
2/08/2019,8:02:05,100,100,100,100,100,100,100,99,100,83,74,70,57,93,100,100
2/08/2019,8:03:05,100,100,100,100,100,100,100,99,100,83,74,70,57,93,100,100
2/08/2019,8:04:05,100,100,100,100,100,100,100,99,100,83,74,70,57,93,100,100
2/08/2019,8:05:05,100,100,100,100,100,100,100,99,100,83,74,70,57,93,100,100
2/08/2019,8:06:05,100,100,100,100,100,100,100,99,100,83,74,70,57,93,100,100
2/08/2019,8:07:05,100,100,100,100,100,100,100,99,100,83,74,70,57,93,100,100
2/08/2019,8:08:05,100,100,100,100,100,100,100,99,100,83,74,70,57,93,100,100
2/08/2019,8:09:05,100,100,100,100,100,100,100,99,100,83,74,70,57,93,100,100
2/08/2019,8:10:05,100,100,100,100,100,100,100,99,100,83,74,70,57,93,100,100
2/08/2019,8:11:05,100,100,100,100,100,100,100,99,100,83,74,70,57,93,100,100
2/08/2019,8:12:05,100,100,100,100,100,100,100,99,100,83,74,70,57,93,100,100
2/08/2019,8:13:05,100,100,100,100,100,100,100,99,100,83,74,70,57,93,100,100
2/08/2019,8:14:05,100,100,100,100,100,100,100,99,100,83,74,70,57,93,100,100
2/08/2019,8:15:05,100,100,100,100,100,100,100,99,100,83,74,70,57,93,100,100
2/08/2019,8:16:05,100,100,100,100,100,100,100,99,100,83,74,70,57,93,100,100
2/08/2019,8:17:05,100,100,100,100,100,100,100,99,100,83,74,70,57,93,100,100
2/08/2019,8:18:05,100,100,100,100,100,100,100,99,100,83,74,70,57,93,100,100
2/08/2019,8:19:05,100,100,100,100,100,100,100,99,100,83,74,70,57,93,100,100
2/08/2019,8:20:05,100,100,100,100,100,100,100,99,100,83,74,70,57,93,100,100
2/08/2019,8:21:05,100,100,100,100,100,100,100,99,100,83,74,70,57,93,100,100
2/08/2019,8:22:05,100,100,100,100,100,100,100,99,100,83,74,70,57,93,100,100
2/08/2019,8:23:05,100,100,100,100,100,100,100,99,100,83,74,70,58,93,100,100
2/08/2019,8:24:05,100,100,100,100,100,100,100,99,100,83,74,70,58,93,100,100
2/08/2019,8:25:05,100,100,100,100,100,100,100,99,100,83,74,70,57,93,100,100
2/08/2019,8:26:05,100,100,100,100,100,100,100,99,100,83,74,70,57,93,100,100
2/08/2019,8:27:05,100,100,100,100,100,100,100,99,100,83,74,69,57,93,100,100
2/08/2019,8:28:05,100,100,100,100,100,100,100,99,100,83,74,69,57,93,100,100
2/08/2019,8:29:05,100,100,100,100,100,100,100,99,100,83,74,69,57,93,100,100
2/08/2019,8:30:05,100,100,100,100,100,100,100,99,100,83,74,69,57,93,100,100
2/08/2019,8:31:05,100,100,100,100,100,100,100,99,100,83,74,69,58,93,100,100
2/08/2019,8:32:05,100,100,100,100,100,100,100,99,100,83,74,69,58,93,100,100
2/08/2019,8:33:05,100,100,100,100,100,100,100,99,100,83,74,69,58,93,100,100
2/08/2019,8:34:05,100,100,100,100,100,100,100,99,100,83,74,69,58,93,100,100
2/08/2019,8:35:05,100,100,100,100,100,100,100,99,100,83,74,69,58,93,100,100
2/08/2019,8:36:05,100,100,100,100,100,100,100,99,100,83,74,69,58,93,100,100
2/08/2019,8:37:05,100,100,100,100,100,100,100,99,100,83,74,69,58,93,100,100
2/08/2019,8:38:05,100,100,100,100,100,100,100,99,100,83,74,69,58,93,100,100
2/08/2019,8:39:05,100,100,100,100,100,100,100,99,100,83,74,69,58,93,100,100
2/08/2019,8:40:05,100,100,100,100,100,100,100,99,100,83,74,69,58,93,100,100
2/08/2019,8:41:05,100,100,100,100,100,100,100,99,100,83,74,69,57,93,100,100
2/08/2019,8:42:05,100,100,100,100,100,100,100,99,100,83,74,69,57,93,100,100
2/08/2019,8:43:05,100,100,100,100,100,100,100,99,100,83,74,69,58,93,100,100
2/08/2019,8:44:05,100,100,100,100,100,100,100,99,100,83,74,69,58,93,100,100
2/08/2019,8:45:05,100,100,100,100,100,100,100,99,100,83,74,69,58,93,100,100
2/08/2019,8:46:05,100,100,100,100,100,100,100,99,100,83,74,69,58,93,100,100
2/08/2019,8:47:05,100,100,100,100,100,100,100,99,100,83,74,69,58,93,100,100
2/08/2019,8:48:05,100,100,100,100,100,100,100,99,100,83,74,69,58,93,100,100
2/08/2019,8:49:05,100,100,100,100,100,100,100,99,100,83,74,69,58,93,100,100
2/08/2019,8:50:05,100,100,100,100,100,100,100,99,100,83,74,69,58,93,100,100
2/08/2019,8:51:05,100,100,100,100,100,100,100,99,100,83,74,69,58,93,100,100
2/08/2019,8:52:05,100,100,100,100,100,100,100,99,100,83,74,69,58,93,100,100
2/08/2019,8:53:05,100,100,100,100,100,100,100,99,100,83,74,69,58,93,100,100
2/08/2019,8:54:05,100,100,100,100,100,100,100,99,100,83,74,69,58,93,100,100
2/08/2019,8:55:05,100,100,100,100,100,100,100,99,100,83,73,69,58,93,100,100
2/08/2019,8:56:05,100,100,100,100,100,100,100,99,100,83,73,69,58,93,100,100
2/08/2019,8:57:05,100,100,100,100,100,100,100,99,100,83,73,69,58,93,100,100
2/08/2019,8:58:05,100,100,100,100,100,100,100,99,100,83,73,69,58,93,100,100
2/08/2019,8:59:05,100,100,100,100,100,100,100,99,100,83,73,69,58,93,100,100
2/08/2019,9:00:05,100,100,100,100,100,100,100,99,100,83,73,69,58,93,100,100
2/08/2019,9:01:05,100,100,100,100,100,100,100,99,100,83,73,69,58,93,100,100
2/08/2019,9:02:05,100,100,100,100,100,100,100,99,100,83,73,69,58,93,100,100
2/08/2019,9:03:05,100,100,100,100,100,100,100,99,100,83,73,69,57,93,100,100
2/08/2019,9:04:05,100,100,100,100,100,100,100,99,100,83,73,69,58,93,100,100
2/08/2019,9:05:05,100,100,100,100,100,100,100,99,100,83,73,69,57,93,100,100
2/08/2019,9:06:05,100,100,100,100,100,100,100,99,100,83,73,69,57,93,100,100
2/08/2019,9:07:05,100,100,100,100,100,100,100,99,100,83,73,69,58,93,100,100
2/08/2019,9:08:05,100,100,100,100,100,100,100,99,100,83,73,69,58,93,100,100
2/08/2019,9:09:05,100,100,100,100,100,100,100,99,100,83,73,69,58,93,100,100
2/08/2019,9:10:05,100,100,100,100,100,100,100,99,100,83,73,69,58,93,100,100
2/08/2019,9:11:05,100,100,100,100,100,100,100,99,100,83,73,69,58,93,100,100
2/08/2019,9:12:05,100,100,100,100,100,100,100,99,100,83,73,69,58,93,100,100
2/08/2019,9:13:05,100,100,100,100,100,100,100,99,100,83,73,69,58,93,100,100
2/08/2019,9:14:05,100,100,100,100,100,100,100,99,100,83,73,69,57,93,100,100
2/08/2019,9:15:05,100,100,100,100,100,100,100,99,100,83,73,69,57,93,100,100
2/08/2019,9:16:05,100,100,100,100,100,100,100,99,100,83,73,69,57,93,100,100
2/08/2019,9:17:05,100,100,100,100,100,100,100,99,100,83,73,69,57,93,100,100
2/08/2019,9:18:05,100,100,100,100,100,100,100,99,100,83,73,69,57,93,100,100
2/08/2019,9:19:05,100,100,100,100,100,100,100,99,100,83,73,69,57,93,100,100
2/08/2019,9:20:05,100,100,100,100,100,100,100,99,100,83,73,69,57,93,100,100
2/08/2019,9:21:05,100,100,100,100,100,100,100,99,100,83,73,69,57,93,100,100
2/08/2019,9:22:05,100,100,100,100,100,100,100,99,100,83,73,69,57,93,100,100
2/08/2019,9:23:05,100,100,100,100,100,100,100,99,100,83,73,69,57,93,100,100
2/08/2019,9:24:05,100,100,100,100,100,100,100,99,100,83,73,69,57,93,100,100
2/08/2019,9:25:05,100,100,100,100,100,100,100,99,100,83,73,69,57,93,100,100
2/08/2019,9:26:05,100,100,100,100,100,100,100,99,100,83,73,69,57,93,100,100
2/08/2019,9:27:05,100,100,100,100,100,100,100,99,100,83,73,69,57,93,100,100
2/08/2019,9:28:05,100,100,100,100,100,100,100,99,100,83,73,69,57,93,100,100
2/08/2019,9:29:05,100,100,100,100,100,100,100,99,100,83,73,69,57,93,100,100
2/08/2019,9:30:05,100,100,100,100,100,100,100,99,100,83,73,69,57,93,100,100
2/08/2019,9:31:05,100,100,100,100,100,100,100,99,100,83,73,69,57,93,100,100
2/08/2019,9:32:05,100,100,100,100,100,100,100,99,100,83,73,69,57,93,100,100
2/08/2019,9:33:05,100,100,100,100,100,100,100,99,100,83,73,69,57,93,100,100
2/08/2019,9:34:05,100,100,100,100,100,100,100,99,100,83,73,68,57,93,100,100
2/08/2019,9:35:05,100,100,100,100,100,100,100,99,100,83,73,68,57,93,100,100
2/08/2019,9:36:05,100,100,100,100,100,100,100,99,100,83,73,68,57,93,100,100
2/08/2019,9:37:05,100,100,100,100,100,100,100,99,100,83,73,68,57,93,100,100
2/08/2019,9:38:05,100,100,100,100,100,100,100,99,100,83,73,68,57,93,100,100
2/08/2019,9:39:05,100,100,100,100,100,100,100,99,100,83,73,68,57,93,100,100
2/08/2019,9:40:05,100,100,100,100,100,100,100,99,100,83,73,68,57,93,100,100
2/08/2019,9:41:05,100,100,100,100,100,100,100,99,100,83,73,68,57,93,100,100
